Time;Rain;GlobRad;TMPM;LF;Wind;TMPMX;TMPMN
34425;5.60;10.60;10.21;73.59;8.52;14.56;6.34
34426;1.40;8.28;5.38;82.03;5.31;7.88;2.32
34427;0.00;14.42;4.45;80.21;3.79;7.55;1.28
34428;4.18;3.07;4.57;77.31;7.91;6.25;2.84
34429;2.59;15.85;4.92;72.64;7.17;8.85;1.33
34430;0.00;13.50;5.72;74.54;3.05;8.83;2.92
34431;0.00;15.50;5.46;75.35;1.87;9.49;1.37
34432;0.00;15.82;6.87;72.41;2.60;11.31;2.05
34433;3.79;9.11;5.76;77.94;5.27;8.56;4.03
34434;3.39;13.28;5.49;73.03;3.73;8.59;1.35
34435;0.60;3.37;6.59;89.40;3.87;8.85;4.93
34436;1.00;7.27;9.03;85.64;4.31;12.78;6.24
34437;29.44;1.62;7.48;87.83;6.41;8.76;5.77
34438;0.00;8.17;6.06;75.76;6.59;7.88;4.52
34439;0.00;18.62;7.14;66.72;1.98;10.87;2.99
34440;0.00;11.29;7.47;78.10;2.87;11.33;2.96
34441;0.00;16.84;7.21;70.35;4.17;10.43;3.51
34442;0.00;14.04;5.36;59.98;2.55;9.96;0.45
34443;0.00;19.56;6.05;67.32;1.58;11.50;-0.07
34444;0.00;16.41;8.79;68.53;1.37;14.67;1.36
34445;0.00;13.87;11.68;58.27;1.57;15.74;8.67
34446;0.00;19.53;12.08;66.09;2.25;17.06;6.54
34447;0.00;17.09;15.02;59.19;3.02;21.40;8.88
34448;0.00;17.20;15.29;61.64;2.11;21.50;9.02
34449;10.35;13.86;13.99;78.31;2.62;19.09;10.47
34450;1.19;19.11;12.42;74.81;3.03;17.14;8.08
34451;0.00;16.15;14.63;81.09;2.42;18.58;10.82
34452;0.00;8.31;15.83;84.50;2.42;18.94;13.98
34453;0.00;18.68;16.00;78.70;1.58;20.77;10.84
34454;0.40;15.50;15.33;77.76;3.55;21.68;8.92
34455;0.00;7.21;7.48;72.23;4.56;8.53;4.47
34456;0.00;20.23;7.97;71.96;1.57;13.69;1.40
34457;0.00;23.79;11.88;61.48;4.02;18.18;4.54
34458;3.58;6.20;10.13;83.32;2.50;14.42;7.49
34459;10.75;7.38;9.85;88.73;2.99;12.48;8.32
34460;0.20;14.92;11.05;82.10;2.53;14.52;5.44
34461;1.00;16.38;15.13;78.01;2.62;19.34;11.52
34462;0.00;23.62;15.33;60.31;3.88;21.42;9.08
34463;0.00;3.94;11.10;93.70;3.01;12.27;9.80
34464;0.00;19.12;13.43;80.93;2.42;18.34;9.32
34465;0.00;23.67;15.48;60.60;3.21;20.66;8.79
34466;0.00;23.67;14.76;60.09;2.96;19.53;9.37
34467;3.78;17.36;14.00;78.55;2.56;19.03;9.00
34468;11.15;21.09;16.59;73.24;3.62;22.01;10.27
34469;1.80;8.10;14.83;81.30;4.01;17.94;12.19
34470;0.00;16.86;14.80;75.78;2.38;20.53;8.44
34471;3.12;23.05;17.46;79.74;3.22;22.35;13.80
34472;0.00;16.38;16.13;76.62;1.56;20.36;10.11
34473;8.40;5.16;12.30;96.94;3.09;14.41;8.72
34474;8.64;20.53;11.84;81.25;1.76;17.15;7.34
34475;0.00;9.91;12.46;89.95;3.22;16.79;9.53
34476;0.00;18.96;15.09;78.08;3.03;18.36;12.10
34477;3.84;11.98;13.40;88.87;2.03;17.08;10.14
34478;1.20;20.48;14.69;81.66;1.53;19.28;8.47
34479;2.40;9.92;15.20;92.91;1.80;18.49;11.71
34480;6.96;12.64;12.93;86.10;2.03;15.37;11.17
34481;0.24;10.86;10.25;83.15;2.73;13.26;7.03
34482;0.96;21.85;12.01;78.36;1.71;16.41;7.80
34483;0.00;13.21;10.21;76.86;2.53;12.75;7.90
34484;0.00;24.28;9.45;75.11;2.80;14.03;3.61
34485;0.00;21.60;11.75;73.07;2.95;16.71;4.84
34486;0.00;26.82;16.13;63.03;2.10;23.05;8.87
34487;0.00;7.41;16.52;81.00;1.88;21.53;12.38
34488;2.16;15.91;15.69;77.13;4.37;19.26;12.45
34489;0.00;11.55;12.10;80.67;4.54;15.01;10.40
34490;10.32;10.95;10.11;91.06;3.37;12.70;7.79
34491;7.92;18.10;11.83;77.88;2.93;16.60;5.11
34492;0.00;8.87;15.05;87.76;3.52;17.45;12.45
34493;0.00;22.97;16.11;80.28;2.88;20.51;9.84
34494;17.04;21.54;11.10;82.20;4.11;14.62;8.54
34495;0.00;14.50;11.35;86.06;3.34;13.60;9.74
34496;3.84;17.97;11.89;83.65;2.28;16.11;8.66
34497;0.00;21.25;13.51;82.01;1.77;19.15;6.97
34498;0.00;9.24;12.52;89.14;2.63;15.95;8.16
34499;0.00;26.56;14.76;77.08;2.97;19.93;11.06
34500;0.00;18.56;12.08;75.17;2.83;15.33;6.53
34501;0.00;6.47;11.76;84.43;3.71;13.86;8.98
34502;2.88;26.19;11.88;74.89;2.26;15.78;6.63
34503;0.00;12.07;15.57;76.19;2.95;20.67;10.26
34504;0.00;24.32;16.81;76.30;3.91;20.61;12.97
34505;0.00;16.24;16.62;83.88;2.01;19.90;14.11
34506;0.00;16.48;17.47;79.71;2.64;20.43;14.89
34507;0.00;11.47;18.20;73.71;4.87;20.41;14.06
34508;0.00;28.66;14.56;65.08;3.34;18.32;9.38
34509;0.00;27.92;14.78;69.79;2.02;21.24;5.44
34510;0.00;26.54;21.07;61.54;2.49;29.97;10.99
34511;0.00;21.85;21.10;82.52;1.40;26.06;16.70
34512;0.00;21.01;20.50;78.60;1.41;25.11;15.91
34513;0.00;21.79;21.68;78.05;1.97;27.83;14.12
34514;0.00;20.28;22.73;80.31;2.73;28.64;17.12
34515;0.00;28.04;16.99;70.08;1.76;21.62;10.39
34516;0.00;27.33;17.54;70.98;1.63;23.72;8.74
34517;0.00;26.21;20.32;67.61;2.33;26.75;10.66
34518;0.00;24.95;23.38;68.35;1.77;30.95;13.98
34519;0.00;17.35;22.56;78.69;2.46;31.51;17.80
34520;8.88;17.49;19.55;87.61;2.17;23.16;16.03
34521;0.00;19.60;19.34;78.78;1.64;23.49;15.44
34522;0.72;5.51;15.51;92.92;1.97;17.61;13.07
34523;5.52;9.90;15.27;88.24;2.75;19.24;12.72
34524;0.00;15.95;16.26;86.76;2.24;19.80;12.35
34525;0.00;26.50;18.03;76.75;0.89;24.90;9.91
34526;0.00;26.27;21.19;71.53;1.85;27.35;13.14
34527;0.00;26.40;22.70;65.91;2.17;28.90;13.97
34528;0.00;24.39;23.51;69.76;2.00;29.90;16.21
34529;0.00;16.44;20.91;82.63;1.52;28.41;15.21
34530;1.68;18.00;20.32;83.04;1.84;23.51;15.86
34531;0.00;24.13;20.20;67.32;1.40;27.21;12.11
34532;0.00;17.48;19.25;79.15;1.74;23.67;12.97
34533;0.00;21.05;19.47;66.29;2.58;23.61;14.46
34534;0.00;24.39;19.56;64.08;2.57;25.04;13.22
34535;0.00;24.95;19.77;58.88;2.04;25.64;12.89
34536;0.00;25.49;20.41;61.56;1.22;28.21;10.12
34537;0.00;24.25;22.52;58.64;1.03;30.58;12.79
34538;0.00;22.72;23.75;60.31;1.13;32.62;14.11
34539;0.00;24.41;25.23;52.31;1.97;33.06;17.52
34540;0.00;21.79;24.51;55.04;1.75;34.44;13.94
34541;0.00;22.05;24.19;65.62;1.93;30.40;17.91
34542;0.00;20.95;24.85;64.69;1.30;32.69;16.16
34543;0.00;20.55;26.50;59.46;2.06;35.02;17.95
34544;0.00;20.38;22.00;74.45;2.09;25.53;17.64
34545;0.00;16.77;23.92;71.25;1.36;31.21;16.90
34546;0.00;21.26;25.89;59.76;1.96;34.70;16.36
34547;0.00;11.84;23.73;67.96;2.18;30.90;19.65
34548;0.00;20.02;21.84;67.14;1.74;27.25;15.97
34549;0.00;21.32;22.74;60.90;1.24;31.01;13.19
34550;0.00;21.99;25.92;52.54;2.16;34.02;15.44
34551;0.00;16.27;24.23;64.10;2.56;35.45;17.20
34552;0.00;14.48;20.79;82.47;2.18;25.53;16.97
34553;0.00;19.09;19.50;71.52;1.85;24.63;13.85
34554;7.68;17.90;18.80;71.91;1.72;24.24;12.92
34555;0.00;21.67;18.36;71.40;2.09;23.34;13.14
34556;0.00;12.53;20.18;67.62;2.71;27.84;10.80
34557;3.84;9.62;20.44;78.17;2.82;24.41;18.27
34558;0.00;10.83;17.87;80.73;4.01;22.19;15.81
34559;0.00;11.33;14.91;78.64;6.92;17.28;12.33
34560;0.00;12.63;13.24;73.75;5.64;16.92;11.00
34561;14.64;19.08;14.49;66.46;4.74;19.03;10.17
34562;0.00;20.78;14.86;71.26;1.40;21.89;6.73
34563;0.00;13.44;16.48;73.39;2.85;23.62;9.76
34564;7.20;6.38;13.42;89.20;4.76;15.61;11.42
34565;12.72;9.77;15.28;85.50;4.80;18.52;12.01
34566;0.00;12.53;16.34;81.05;3.45;19.77;12.06
34567;0.00;10.76;16.10;79.23;1.41;20.22;12.10
34568;0.00;15.57;17.15;76.67;1.94;23.48;9.80
34569;0.00;15.70;20.02;70.34;2.47;25.53;14.59
34570;30.96;8.99;17.81;92.24;2.32;20.45;15.52
34571;0.00;2.50;13.64;99.91;1.60;15.72;11.34
34572;30.48;13.92;15.73;88.62;2.55;21.93;9.58
34573;0.00;8.80;18.20;85.65;3.66;20.78;16.38
34574;0.00;15.16;16.53;78.78;4.64;18.32;12.74
34575;4.56;15.64;14.80;72.85;5.52;18.58;11.46
34576;0.00;11.88;14.22;80.98;1.97;18.52;9.59
34577;0.00;18.15;16.37;75.23;2.77;21.90;10.01
34578;8.76;8.34;17.64;82.48;2.44;22.48;14.27
34579;1.00;13.75;16.24;81.63;3.03;21.67;12.48
34580;2.79;3.09;14.17;92.30;4.84;15.65;11.58
34581;4.78;8.23;15.69;89.87;3.92;18.32;12.35
34582;2.19;4.55;15.24;89.13;3.91;16.39;11.64
34583;4.18;14.97;13.02;77.53;2.41;17.52;8.13
34584;2.39;6.33;13.57;93.42;1.63;16.18;11.28
34585;0.40;7.26;14.71;91.56;2.97;17.78;12.11
34586;4.38;7.37;13.45;84.77;5.73;14.59;11.92
34587;1.00;11.15;13.78;76.51;5.32;17.58;11.51
34588;0.60;13.78;13.47;77.52;4.62;16.84;10.53
34589;7.36;5.85;15.67;90.10;3.29;19.86;13.28
34590;0.00;16.06;15.14;74.12;4.32;19.30;11.36
34591;0.80;11.67;14.24;85.36;3.43;19.18;8.59
34592;8.95;3.72;13.85;82.55;7.15;15.94;12.42
34593;5.37;3.98;11.98;89.61;8.05;12.76;11.23
34594;0.60;4.98;10.71;88.13;6.89;11.80;9.83
34595;1.59;6.07;11.83;95.18;2.89;13.72;10.25
34596;1.99;4.81;11.80;92.54;2.01;14.02;10.38
34597;0.00;11.65;11.95;88.02;2.32;16.13;8.59
34598;0.00;10.05;11.89;89.70;1.45;17.19;7.90
34599;0.20;8.38;10.04;93.79;0.97;15.32;6.18
34600;0.20;13.71;10.90;88.58;2.29;17.78;3.51
34601;0.00;9.77;13.00;93.65;2.02;19.55;8.61
34602;0.20;8.11;15.82;91.67;1.66;19.67;11.62
34603;0.80;8.58;15.05;94.54;2.42;17.68;11.09
34604;0.00;5.83;13.70;88.53;3.84;16.86;10.62
34605;0.00;11.91;11.49;84.53;2.99;15.88;7.02
34606;0.00;4.00;12.99;85.65;4.26;15.89;10.09
34607;0.00;4.69;12.49;86.37;2.00;14.93;8.43
34608;0.00;2.83;11.14;94.90;2.42;13.66;8.34
34609;1.39;2.86;10.73;99.99;1.26;13.64;8.13
34610;10.75;2.01;11.08;90.98;3.86;13.45;6.18
34611;0.40;8.63;5.22;89.03;4.27;8.65;2.55
34612;3.38;7.00;5.60;89.38;4.35;8.86;2.36
34613;0.40;10.99;4.89;88.97;2.23;10.77;0.19
34614;0.00;3.86;6.19;82.37;2.12;8.61;4.03
34615;0.00;3.71;4.11;92.78;1.18;8.56;-0.63
34616;0.20;2.72;7.20;89.59;1.62;9.82;4.98
34617;0.00;8.24;7.20;96.05;0.82;12.88;2.43
34618;0.20;7.62;6.84;96.43;1.22;14.31;2.55
34619;0.20;9.63;8.14;94.03;1.46;14.54;3.87
34620;0.20;5.79;7.88;100.70;1.37;12.80;4.99
34621;0.40;9.12;9.61;92.76;1.56;18.86;4.48
34622;0.20;9.15;10.51;89.95;1.97;17.47;5.94
34623;0.00;4.50;7.99;85.68;2.71;9.32;2.07
34624;0.20;8.85;2.73;83.19;0.99;7.85;-1.64
34625;0.00;9.40;2.15;74.16;2.19;8.33;-3.69
34626;0.00;8.11;2.87;70.99;4.24;7.88;-1.28
34627;0.00;7.62;5.02;70.61;5.39;9.94;1.13
34628;0.00;7.53;5.77;77.93;3.25;11.70;1.75
34629;0.80;3.92;9.73;81.33;3.10;13.39;4.70
34630;1.19;4.87;13.75;82.84;4.28;16.77;11.76
34631;1.59;6.65;11.05;84.57;3.39;14.47;8.56
34632;0.40;4.73;10.01;89.29;3.95;12.97;7.49
34633;0.20;3.99;9.73;82.70;4.16;11.29;7.98
34634;1.79;3.77;9.01;81.97;4.28;11.36;6.62
34635;0.00;5.27;7.55;88.07;3.24;10.68;5.10
34636;1.39;6.52;7.43;86.50;4.62;11.07;3.62
34637;12.94;1.32;11.99;96.73;5.60;14.45;8.86
34638;13.33;0.87;14.16;91.37;6.74;15.02;12.87
34639;0.00;6.66;11.17;76.28;7.51;12.91;7.82
34640;0.00;6.29;7.34;87.27;2.30;12.10;4.56
34641;0.00;6.05;6.62;85.84;3.35;11.13;2.83
34642;0.00;5.49;6.68;91.00;3.41;11.22;3.51
34643;0.00;5.24;7.59;93.13;2.48;12.89;3.99
34644;0.20;3.58;9.47;96.98;1.66;14.14;5.41
34645;0.00;1.76;9.89;97.10;0.71;11.37;7.60
34646;0.00;2.14;9.55;96.70;1.01;10.87;8.33
34647;0.00;2.97;7.94;99.38;2.46;9.86;3.94
34648;0.20;1.61;7.57;99.14;2.88;7.98;7.05
34649;4.58;0.79;5.75;93.55;3.59;7.80;3.66
34650;0.00;2.06;1.81;85.08;4.70;4.01;0.95
34651;0.40;2.39;3.85;93.85;3.28;8.25;0.62
34652;4.78;1.10;11.99;91.86;7.02;13.53;8.81
34653;4.98;3.39;11.91;84.86;6.77;13.76;9.13
34654;5.17;2.29;8.64;87.20;5.98;9.83;7.16
34655;4.98;1.32;6.81;92.47;5.01;8.58;5.26
34656;7.96;0.90;5.22;96.57;2.57;6.47;2.32
34657;6.77;0.92;4.43;100.69;3.15;10.18;-0.38
34658;1.00;0.61;13.24;93.28;5.37;15.11;10.57
34659;0.40;2.31;9.01;93.90;3.31;12.26;4.62
34660;0.20;3.78;4.03;102.75;2.34;6.97;0.42
34661;0.20;3.13;4.96;100.55;3.48;8.45;1.66
34662;0.60;0.59;9.49;95.00;4.89;11.28;6.92
34663;1.19;1.56;8.32;95.67;4.89;9.33;7.34
34664;10.15;0.54;8.56;100.21;3.03;10.21;7.50
34665;0.80;1.02;7.72;100.45;2.57;8.92;7.04
34666;0.40;1.05;7.91;100.73;2.55;9.75;4.87
34667;0.20;0.74;5.74;100.63;2.19;6.92;2.95
34668;0.00;1.46;6.76;97.08;1.54;7.82;6.21
34669;0.00;3.33;3.76;96.82;2.11;6.51;0.80
34670;0.20;2.64;0.04;99.43;2.47;2.19;-1.52
34671;0.00;3.22;5.87;89.30;3.97;9.54;1.84
34672;1.19;1.63;8.86;92.66;3.64;10.55;7.26
34673;1.79;1.75;8.91;85.50;3.84;10.71;5.29
34674;1.39;3.26;7.10;95.70;5.42;8.92;5.42
34675;1.39;2.54;5.51;92.29;4.58;7.33;2.84
34676;1.00;1.28;7.44;83.37;6.49;9.20;4.69
34677;3.58;2.62;6.52;91.20;4.84;9.24;1.12
34678;4.18;1.00;2.95;96.76;3.40;8.93;-0.09
34679;0.20;0.57;12.23;92.16;7.04;12.82;10.15
34680;0.60;0.71;12.35;86.78;7.89;13.10;11.69
34681;10.55;1.78;9.09;87.74;5.94;11.93;4.71
34682;1.79;1.16;2.72;98.23;3.65;4.90;-0.33
34683;0.00;3.36;-0.68;100.42;2.42;0.76;-2.08
34684;0.60;0.56;0.52;93.44;4.17;2.18;-1.46
34685;0.20;2.03;2.39;96.32;3.82;3.77;1.30
34686;0.00;2.98;2.09;87.88;5.33;3.15;1.06
34687;0.00;2.74;4.57;88.18;3.53;6.80;2.56
34688;0.60;0.92;3.03;93.51;3.55;4.21;0.94
34689;1.39;0.97;2.58;98.76;2.32;3.72;1.65
34690;0.20;1.11;1.82;100.65;1.64;3.39;0.16
34691;0.00;1.65;0.33;94.28;1.60;1.57;-1.48
34692;0.00;0.79;-2.29;92.96;1.91;-1.75;-3.35
34693;0.00;1.27;-2.29;94.39;3.20;-1.19;-3.17
34694;0.00;0.54;0.46;93.26;5.69;1.89;-1.27
34695;19.90;0.49;5.70;96.83;6.48;9.98;1.36
34696;9.95;0.41;7.94;101.36;3.42;12.95;4.21
34697;0.20;0.52;12.46;82.18;6.88;13.70;11.10
34698;4.38;1.83;7.75;80.72;7.23;11.44;5.36
34699;2.59;2.23;5.59;82.35;6.64;6.42;2.44
34700;0.60;2.47;1.67;89.42;5.85;3.29;-0.80
34701;2.19;1.88;0.34;89.91;6.29;1.94;-0.71
34702;0.00;3.34;-1.97;91.95;2.17;0.39;-7.32
34703;0.00;1.53;-7.15;99.80;1.05;-6.09;-9.70
34704;0.00;2.02;-8.68;96.76;1.05;-6.52;-10.55
34705;0.00;2.12;-8.89;92.18;1.94;-6.78;-10.27
34706;0.00;0.93;-9.15;95.68;1.24;-6.81;-12.54
34707;0.00;2.55;-5.58;89.34;5.17;-3.47;-8.58
34708;10.15;1.53;0.21;99.49;5.10;2.34;-3.58
34709;10.55;2.58;3.19;85.71;9.00;4.90;1.46
34710;0.80;2.22;1.32;95.03;6.99;2.48;0.53
34711;2.99;2.29;0.30;91.87;5.36;1.32;-0.81
34712;0.00;4.07;-2.39;92.13;2.90;-0.88;-5.30
34713;0.60;1.29;0.36;96.83;3.92;1.80;-1.69
34714;0.20;1.01;2.83;100.05;3.68;3.64;1.64
34715;0.00;2.67;2.23;93.96;4.05;3.16;0.96
34716;0.20;3.89;2.54;72.16;5.40;4.89;1.06
34717;1.19;0.62;2.87;71.29;5.08;4.47;2.03
34718;0.40;3.61;2.78;90.71;3.89;4.46;1.46
34719;0.80;1.35;4.89;75.59;5.65;6.66;3.94
34720;3.58;3.17;4.29;86.41;5.04;6.38;2.67
34721;12.54;1.52;6.48;90.53;6.50;11.33;4.54
34722;6.57;3.67;6.53;78.30;9.22;11.25;4.99
34723;4.78;3.07;5.02;85.83;7.99;6.33;3.85
34724;5.37;1.90;3.53;96.04;3.10;4.33;2.61
34725;12.34;1.45;8.69;87.90;8.30;11.97;0.80
34726;2.39;2.31;2.26;85.89;7.15;3.80;1.04
34727;11.94;1.26;5.41;93.08;6.82;9.14;0.45
34728;9.15;1.64;7.09;94.09;5.57;8.14;5.71
34729;0.40;4.38;3.22;87.86;4.33;7.64;0.06
34730;0.00;2.81;1.61;85.72;4.14;4.31;-0.56
34731;2.99;2.11;8.39;82.67;6.77;11.54;4.30
34732;2.59;3.06;4.45;91.99;3.55;6.15;0.15
34733;0.00;2.54;2.48;83.61;3.86;4.85;-0.12
34734;1.79;1.25;5.78;90.96;6.07;7.95;3.90
34735;0.00;4.49;5.69;91.02;3.98;7.93;2.64
34736;0.00;1.16;9.09;93.14;6.03;10.38;7.62
34737;1.99;0.71;7.91;90.28;8.67;9.39;4.72
34738;10.75;0.83;1.69;101.90;2.17;5.62;-0.10
34739;2.19;6.37;-0.15;93.71;2.20;2.54;-1.90
34740;1.00;5.07;0.20;90.59;2.80;2.41;-1.81
34741;1.79;3.79;6.53;92.40;4.70;9.48;1.97
34742;1.99;6.05;8.98;79.38;7.09;10.68;7.06
34743;0.20;6.52;8.17;81.90;4.07;10.90;4.93
34744;1.59;2.64;7.94;86.82;5.54;9.76;5.58
34745;13.73;3.42;8.10;88.10;6.47;11.53;5.86
34746;4.18;2.86;7.49;81.65;6.10;9.13;5.63
34747;4.78;5.72;6.97;78.25;8.91;8.78;4.81
34748;0.40;3.25;4.78;90.32;4.63;6.79;3.41
34749;2.99;2.54;5.78;91.90;6.26;8.41;3.40
34750;1.00;7.85;8.84;73.27;5.99;10.79;5.46
34751;2.39;5.00;8.67;87.61;5.09;12.79;4.48
34752;0.00;9.24;5.39;73.77;6.42;8.82;3.34
34753;0.00;4.40;4.00;75.69;6.56;5.94;2.59
34754;2.39;3.38;3.58;92.25;3.10;5.10;1.24
34755;0.40;3.00;2.57;97.80;2.12;4.81;-0.09
34756;0.00;3.95;2.13;97.20;1.22;4.03;1.33
34757;1.39;7.17;3.34;86.65;4.68;5.87;0.52
34758;0.20;1.79;7.81;93.61;8.89;10.13;3.46
34759;0.00;3.20;9.52;76.41;7.61;11.16;5.80
34760;2.19;7.27;3.64;85.80;5.57;6.27;1.54
34761;0.80;9.97;4.84;74.22;6.63;8.54;1.66
34762;0.00;8.71;2.40;81.66;3.93;5.47;0.56
34763;0.40;4.92;1.87;85.37;6.01;5.43;-0.32
34764;2.19;3.17;3.18;92.07;5.29;5.10;1.87
34765;0.00;9.77;3.08;80.59;4.42;6.15;0.85
34766;0.00;4.91;3.61;70.21;4.79;6.13;1.90
34767;0.00;6.59;3.15;88.60;3.13;7.06;0.45
34768;0.20;12.08;3.65;81.13;3.37;9.50;-1.80
34769;0.00;10.69;5.06;76.46;4.19;10.50;0.60
34770;0.00;11.10;4.11;84.60;3.82;10.46;-0.13
34771;0.00;7.33;3.15;87.19;4.47;6.62;0.26
34772;0.00;10.16;-0.65;74.09;5.10;2.68;-2.75
34773;1.79;3.65;-0.64;95.37;3.45;2.00;-3.57
34774;2.39;8.59;2.20;93.21;3.97;5.36;0.16
34775;2.99;3.95;6.29;85.91;8.18;9.86;2.52
34776;5.97;6.80;5.96;79.04;8.70;7.72;4.57
34777;2.59;8.90;4.97;84.13;5.64;7.42;2.58
34778;4.38;8.98;3.59;85.82;7.49;6.41;1.76
34779;3.58;8.90;3.93;86.56;7.24;6.44;1.83
34780;0.00;9.94;3.06;87.86;3.39;6.14;-0.65
34781;0.00;13.96;5.94;80.86;3.61;12.11;0.47
34782;0.00;10.43;8.50;70.05;4.39;13.65;3.87
34783;6.17;10.00;6.95;80.69;8.63;9.42;3.80
34784;6.77;4.57;5.16;90.88;5.20;7.76;2.32
34785;16.72;9.73;3.17;86.61;7.49;7.62;-0.06
34786;0.00;11.29;0.59;89.12;6.98;2.72;-0.44
34787;2.19;13.80;0.44;86.96;4.20;4.03;-1.46
34788;0.00;16.37;2.09;83.39;2.65;6.61;-2.09
34789;1.79;2.86;2.92;94.78;4.80;6.40;0.20
34790;0.40;3.31;8.67;98.80;5.57;10.55;6.79
34791;0.80;15.05;13.29;76.36;7.95;18.54;9.87
34792;0.00;7.76;10.16;86.13;5.99;12.43;9.04
34793;1.79;9.47;8.01;82.78;5.79;9.93;2.97
34794;0.00;16.83;6.43;76.31;1.97;12.65;0.67
34795;0.00;5.75;9.79;85.83;4.93;11.90;6.73
34796;0.80;3.95;8.68;89.33;7.01;12.21;4.85
34797;0.00;15.33;5.05;73.59;8.74;8.02;2.01
34798;1.99;7.69;3.34;84.58;5.51;5.97;0.59
34799;1.19;3.36;6.47;97.54;3.96;8.27;4.46
34800;0.20;6.53;7.60;95.09;3.18;9.83;6.20
34801;1.59;7.55;7.71;95.58;4.19;10.99;6.18
34802;0.00;12.33;6.90;76.76;2.97;10.94;3.72
34803;0.00;20.76;6.72;69.51;1.27;13.21;-0.02
34804;1.39;9.70;6.95;86.85;2.70;11.32;2.57
34805;1.59;9.66;5.54;89.38;4.96;7.46;3.71
34806;8.96;4.18;5.20;96.14;4.13;7.75;2.53
34807;6.37;7.13;7.37;94.74;5.76;12.19;3.00
34808;5.77;14.49;4.74;88.15;1.96;8.57;0.40
34809;6.77;17.42;5.63;79.52;3.48;9.88;1.24
34810;0.00;18.43;7.28;79.97;3.29;12.76;0.53
34811;0.00;16.39;11.87;87.87;3.84;19.95;6.76
34812;0.00;19.39;15.22;83.87;2.73;20.76;10.47
34813;0.00;21.98;17.99;64.98;4.72;22.63;13.07
34814;1.00;19.57;15.64;71.43;3.93;20.22;12.24
34815;0.00;17.41;13.19;78.49;2.27;18.47;8.57
34816;0.00;10.11;9.40;92.09;3.30;15.00;6.86
34817;0.00;7.75;6.87;72.58;3.55;8.51;5.53
34818;0.00;20.89;9.07;75.71;2.54;14.94;2.09
34819;0.00;10.08;10.85;83.35;1.68;15.35;5.85
34820;0.60;20.31;13.48;74.23;1.85;18.06;9.16
34821;0.00;23.26;12.60;70.19;1.98;18.19;5.95
34822;0.00;24.23;13.66;61.13;1.92;21.03;4.88
34823;0.00;22.66;14.68;68.28;1.92;22.16;6.99
34824;0.00;23.01;16.01;73.97;1.31;23.65;7.55
34825;0.00;21.42;15.13;74.42;2.81;20.50;9.75
34826;0.00;23.86;12.68;71.07;1.46;19.31;5.45
34827;0.00;13.88;14.14;72.01;4.88;16.85;9.51
34828;3.78;10.08;9.66;88.02;5.70;11.64;7.64
34829;1.99;10.20;8.44;92.16;2.58;10.76;7.11
34830;0.80;18.46;9.29;79.13;2.15;13.26;5.92
34831;0.00;13.82;9.79;77.16;3.08;13.46;4.93
34832;0.20;5.60;9.02;84.68;5.43;12.40;7.60
34833;0.00;16.87;7.67;72.80;6.02;10.39;4.42
34834;0.00;18.21;8.24;71.76;3.69;13.43;2.10
34835;0.00;19.60;10.08;75.34;1.65;14.78;4.99
34836;9.35;8.30;11.03;91.03;3.65;14.89;8.82
34837;2.19;4.56;8.46;95.63;5.02;9.87;6.34
34838;0.00;20.22;8.62;77.51;1.92;13.58;4.39
34839;0.00;23.69;10.02;76.98;2.44;15.67;3.55
34840;0.00;17.12;8.93;76.82;2.43;11.88;4.39
34841;0.00;26.65;9.58;74.97;1.57;16.34;1.12
34842;0.00;23.14;14.71;66.14;1.96;20.81;6.30
34843;0.00;24.04;18.23;66.78;1.86;24.77;10.42
34844;0.00;16.94;18.64;73.03;1.70;24.03;12.65
34845;1.39;8.82;15.99;86.30;2.40;17.56;13.66
34846;13.93;2.35;12.42;101.73;2.72;13.88;10.09
34847;0.20;26.14;17.60;83.01;2.35;24.85;9.38
34848;5.77;6.71;17.29;92.85;1.89;20.53;15.20
34849;4.18;7.10;14.15;96.06;2.33;15.15;12.67
34850;0.40;7.64;13.48;92.74;2.13;15.93;11.50
34851;24.48;4.67;11.96;99.65;2.54;12.78;11.11
34852;1.00;8.87;11.88;92.50;2.23;14.69;8.66
34853;0.00;16.93;13.86;85.96;1.62;17.86;9.56
34854;2.19;11.08;14.28;91.63;1.87;17.42;11.84
34855;4.98;22.02;14.90;86.78;2.09;19.29;9.76
34856;3.38;16.22;13.90;91.57;2.72;16.45;11.51
34857;13.53;8.35;13.12;92.40;2.50;16.60;10.78
34858;0.00;18.15;11.16;83.66;3.96;15.06;7.37
34859;0.60;19.24;11.28;83.28;4.26;14.84;8.15
34860;0.20;11.19;11.12;86.36;3.07;13.92;8.00
34861;0.00;16.90;11.36;88.22;2.59;15.07;6.77
34862;0.20;17.13;11.92;88.08;1.41;15.73;6.28
34863;14.33;8.56;12.22;97.49;1.82;16.03;9.50
34864;0.00;9.95;12.00;93.56;3.46;13.99;9.69
34865;1.99;11.03;11.91;88.59;3.23;14.67;10.11
34866;3.78;10.92;11.29;95.94;3.06;12.59;10.10
34867;3.38;9.69;12.26;94.71;3.28;14.92;9.57
34868;0.20;15.46;14.77;89.88;3.78;18.62;10.79
34869;0.00;22.11;15.76;81.85;2.52;21.28;9.07
34870;0.00;23.19;19.37;79.82;1.42;25.91;11.37
34871;4.58;17.17;18.11;88.55;3.65;23.38;11.45
34872;2.79;14.87;11.10;91.88;4.92;13.58;8.65
34873;1.19;8.30;12.86;93.89;2.90;15.16;10.05
34874;0.00;18.18;14.61;86.90;2.00;19.29;9.62
34875;0.60;23.56;19.51;78.60;2.26;25.30;13.71
34876;0.00;27.80;19.99;71.44;1.70;26.30;11.63
34877;0.00;27.14;20.80;73.79;1.99;26.66;12.11
34878;0.00;27.58;19.87;70.86;1.85;25.24;13.97
34879;0.00;27.97;18.79;76.84;3.13;24.95;13.14
34880;0.00;26.62;18.01;79.97;1.48;26.23;11.52
34881;0.00;17.65;15.90;84.42;2.29;20.46;11.29
34882;3.18;11.77;14.53;93.58;1.42;19.31;7.17
34883;9.75;13.94;17.99;94.07;3.07;22.03;14.03
34884;0.00;13.82;14.21;77.70;4.15;17.21;12.25
34885;5.55;20.02;15.08;72.05;3.21;18.33;12.40
34886;0.00;24.78;15.42;73.75;3.14;19.12;11.50
34887;0.00;21.89;18.08;77.55;2.06;24.00;11.76
34888;0.00;25.27;21.29;75.04;1.26;27.98;13.06
34889;0.00;24.48;22.70;75.63;1.05;29.17;14.20
34890;0.00;23.28;23.49;79.21;1.27;30.39;15.39
34891;0.00;22.52;23.18;82.17;1.90;28.82;16.50
34892;0.00;22.24;20.96;83.87;2.79;27.09;14.38
34893;0.00;20.14;23.09;86.15;1.73;29.45;18.38
34894;0.00;15.39;21.68;89.28;1.92;25.52;18.41
34895;14.00;13.95;20.02;94.22;1.67;28.78;15.23
34896;10.00;19.40;20.44;88.86;1.87;24.59;17.35
34897;5.00;14.27;18.24;91.08;2.86;21.82;16.02
34898;0.00;15.55;17.93;88.27;2.38;21.74;14.30
34899;1.00;8.84;17.33;95.24;3.11;20.45;15.53
34900;0.00;20.33;21.27;84.27;3.64;25.68;17.92
34901;0.00;23.85;23.28;81.19;1.59;29.41;16.14
34902;0.00;23.28;26.03;75.49;1.92;32.90;19.43
34903;2.00;8.77;19.30;85.23;3.32;23.29;14.22
34904;0.00;25.16;15.74;73.90;1.43;21.19;9.30
34905;0.00;23.58;17.48;73.62;1.37;24.37;9.70
34906;0.00;24.34;18.07;74.50;1.43;23.93;12.00
34907;0.00;23.23;20.18;65.13;2.90;27.13;12.53
34908;0.00;12.79;20.70;79.71;2.32;26.96;16.11
34909;0.00;9.96;18.96;95.08;1.30;22.90;15.93
34910;3.00;22.88;21.98;71.71;1.59;29.37;14.03
34911;0.00;23.70;22.55;65.42;1.95;30.48;12.75
34912;1.00;23.55;23.52;61.56;2.03;31.60;12.56
34913;0.00;23.65;22.37;61.39;2.47;28.48;15.79
34914;0.00;24.46;20.83;59.82;2.13;28.03;12.76
34915;0.00;21.13;20.13;66.07;2.45;27.95;11.17
34916;0.00;18.78;18.60;77.37;2.48;24.67;12.83
34917;0.00;22.28;19.86;73.33;1.37;28.03;10.66
34918;0.00;18.59;22.91;66.00;1.36;30.59;14.30
34919;0.00;20.40;18.32;75.00;3.89;22.44;14.22
34920;0.00;19.77;17.03;65.82;1.79;23.99;8.58
34921;0.00;23.42;17.01;57.60;1.77;24.42;6.65
34922;0.00;22.25;18.31;60.56;1.21;27.30;7.87
34923;0.00;22.97;20.66;58.03;1.97;29.87;9.48
34924;0.00;21.56;22.52;54.52;1.71;32.33;11.66
34925;0.00;11.98;22.42;64.06;2.97;27.46;18.00
34926;0.00;14.50;18.39;80.31;2.98;22.39;12.25
34927;0.00;9.60;16.09;81.15;2.52;21.57;8.84
34928;0.00;11.81;17.93;78.95;2.22;22.00;12.12
34929;0.00;20.51;19.62;69.31;1.96;28.98;9.11
34930;0.00;18.06;21.59;68.52;1.34;30.36;11.87
34931;0.00;15.60;22.22;71.47;1.73;29.75;14.77
34932;0.00;15.05;20.94;79.14;2.28;27.94;16.60
34933;0.00;16.79;22.36;68.35;1.96;29.68;13.65
34934;0.00;14.11;22.03;72.32;1.80;30.38;14.93
34935;4.00;11.66;19.12;89.03;2.48;22.72;14.37
34936;4.00;9.30;17.53;88.49;4.20;21.25;13.20
34937;4.00;11.48;16.72;84.48;4.47;19.36;14.48
34938;7.00;10.72;14.38;87.20;3.72;17.68;10.37
34939;2.00;6.83;12.17;95.07;3.31;15.64;9.87
34940;1.00;10.71;12.17;90.42;4.52;14.44;9.42
34941;0.00;14.37;12.36;81.97;2.79;17.22;8.48
34942;0.00;6.98;12.25;83.33;2.71;16.09;7.44
34943;0.00;4.56;13.54;89.75;4.20;15.64;11.84
34944;0.00;13.87;13.18;85.34;1.34;18.41;6.52
34945;2.00;8.17;14.17;93.03;2.28;17.00;12.05
34946;6.00;5.70;12.95;92.64;5.89;14.84;11.16
34947;0.00;15.07;15.25;82.92;4.03;19.57;11.49
34948;0.00;12.68;15.15;80.98;2.15;18.99;10.47
34949;4.00;10.40;15.96;80.17;2.60;23.56;9.05
34950;0.00;11.43;16.50;86.09;4.43;20.61;13.64
34951;3.00;7.38;15.97;85.59;6.03;17.76;13.89
34952;0.00;9.19;16.06;83.16;2.96;20.41;12.24
34953;1.00;6.84;15.75;88.67;3.30;20.38;12.15
34954;0.00;15.10;16.16;78.96;2.18;21.10;10.96
34955;2.00;4.28;15.26;94.85;2.01;18.53;13.13
34956;4.00;7.82;14.56;89.60;3.50;18.43;11.36
34957;0.00;12.01;13.12;86.77;1.68;19.38;7.65
34958;0.00;11.81;15.09;81.49;1.61;19.49;9.84
34959;0.00;10.82;15.86;83.27;1.30;20.77;11.49
34960;0.00;13.60;15.15;82.38;2.08;22.29;8.39
34961;0.00;3.86;12.22;91.49;3.55;13.79;10.59
34962;13.00;1.35;11.39;97.82;4.33;12.13;10.42
34963;0.00;9.54;12.02;94.47;2.71;16.51;7.09
34964;0.00;4.89;14.00;95.13;1.90;17.01;11.45
34965;0.00;4.49;14.51;94.80;2.18;16.93;12.49
34966;0.00;7.55;14.77;86.95;3.80;18.42;12.07
34967;0.00;5.59;13.22;89.60;2.22;16.02;11.01
34968;7.00;3.10;13.54;88.13;6.05;15.56;11.42
34969;15.00;3.05;10.76;97.53;3.42;12.91;8.35
34970;2.00;8.52;7.72;86.38;6.18;10.50;5.22
34971;3.00;8.40;7.65;90.59;5.23;11.48;4.96
34972;1.00;5.58;7.82;93.58;3.85;10.77;4.73
34973;1.00;5.51;6.80;97.59;2.94;12.93;1.10
34974;1.00;9.71;12.54;90.24;3.01;16.43;8.53
34975;0.00;6.45;13.71;94.36;2.36;17.59;9.19
34976;0.00;9.60;17.63;89.76;3.27;21.48;14.28
34977;0.00;4.91;16.66;93.17;2.72;20.81;13.77
34978;0.00;9.00;13.82;92.91;2.25;18.02;9.35
34979;0.00;7.10;15.59;88.30;3.15;20.40;10.48
34980;0.00;7.39;17.30;88.18;2.44;22.24;13.44
34981;0.00;9.75;17.08;89.38;1.90;23.88;11.55
34982;0.00;9.44;17.42;88.77;1.28;24.82;12.17
34983;0.00;2.58;13.38;103.55;0.87;15.83;10.36
34984;0.00;1.81;15.51;100.44;1.67;17.15;13.98
34985;0.00;4.04;16.05;91.30;1.11;18.74;13.56
34986;0.00;1.62;14.56;91.01;1.28;15.78;13.43
34987;0.00;7.41;13.73;92.55;2.66;17.81;9.29
34988;0.00;4.48;14.71;95.84;2.05;18.21;10.78
34989;0.00;7.07;12.89;94.63;3.71;16.77;8.53
34990;0.00;3.83;13.14;92.41;3.82;16.51;7.80
34991;0.00;3.89;10.77;88.93;4.63;13.44;7.41
34992;2.00;1.67;10.96;95.89;4.87;13.59;6.27
34993;0.00;5.31;6.94;91.66;1.64;10.46;2.85
34994;0.00;7.52;5.14;87.56;1.72;10.53;-0.01
34995;0.00;6.82;8.77;85.20;2.91;14.31;4.09
34996;0.00;7.28;13.02;81.05;3.62;18.47;9.77
34997;0.00;2.54;11.16;86.86;3.51;14.06;8.78
34998;0.00;5.50;11.49;92.61;3.29;15.51;7.01
34999;2.00;2.92;15.62;87.20;3.72;18.23;12.67
35000;1.00;5.80;10.02;95.05;1.69;12.89;4.73
35001;0.00;1.58;7.11;100.98;1.47;8.86;3.34
35002;0.00;3.19;8.10;98.81;1.19;11.52;2.87
35003;1.00;4.31;5.84;98.45;2.69;10.88;1.65
35004;4.00;1.61;8.27;97.39;3.92;10.55;5.05
35005;3.00;2.14;5.99;94.98;4.23;7.44;4.88
35006;12.00;3.55;5.11;85.80;7.13;7.88;0.19
35007;0.00;3.44;0.30;86.49;4.36;2.76;-1.69
35008;0.00;6.03;-0.96;91.01;2.04;3.27;-4.15
35009;0.00;0.82;1.68;84.00;4.28;4.60;-1.86
35010;3.00;0.38;4.57;95.16;2.61;5.14;3.93
35011;4.00;0.89;5.40;103.47;2.01;7.71;3.56
35012;1.00;0.98;9.37;101.77;2.39;10.81;8.17
35013;0.00;4.17;8.69;93.60;3.28;10.46;6.91
35014;0.00;2.83;9.30;87.20;2.19;12.88;7.28
35015;0.00;2.90;6.03;93.95;5.15;8.44;4.51
35016;0.00;1.60;3.92;95.98;3.01;5.14;0.72
35017;0.00;0.58;4.65;101.99;2.73;9.41;-0.30
35018;0.00;0.88;8.75;91.11;4.06;9.64;7.55
35019;1.00;1.51;9.85;92.48;4.11;12.15;7.23
35020;0.00;3.77;3.67;88.23;3.51;9.06;-1.55
35021;1.00;3.23;0.47;93.31;4.09;3.84;-2.67
35022;10.00;2.27;3.86;94.47;6.89;5.90;1.46
35023;0.00;4.91;0.24;91.11;1.87;3.87;-1.81
35024;0.00;4.89;-0.22;80.25;2.88;2.63;-3.05
35025;0.00;3.98;1.05;75.96;3.87;3.14;-1.36
35026;0.00;1.12;5.13;101.86;3.27;6.72;2.77
35027;0.00;1.71;7.16;92.41;4.18;9.19;5.45
35028;0.00;2.74;5.35;93.57;4.12;8.16;3.88
35029;0.00;1.96;4.95;91.42;3.48;8.77;2.61
35030;0.00;3.23;3.20;89.78;1.61;6.71;0.10
35031;0.00;1.17;-0.87;103.04;2.31;0.24;-2.03
35032;0.00;0.58;0.93;102.34;2.29;1.65;0.05
35033;0.00;0.50;0.50;99.61;4.17;1.46;-0.36
35034;0.00;0.92;-1.46;92.10;4.06;-0.13;-2.17
35035;0.00;0.56;-1.20;91.16;3.00;-0.87;-1.60
35036;0.00;0.73;-1.30;97.29;2.72;-0.78;-2.12
35037;0.00;0.73;-2.02;91.95;3.15;-0.42;-4.20
35038;0.00;1.41;-4.75;85.50;4.52;-3.94;-5.54
35039;0.00;1.28;-6.38;88.58;5.11;-5.25;-7.61
35040;0.00;1.74;-3.74;96.20;3.64;-2.43;-4.95
35041;0.00;2.37;-1.82;94.94;1.81;0.25;-4.27
35042;0.00;0.93;-2.52;103.82;1.42;-0.45;-4.64
35043;0.00;0.89;-0.66;103.50;1.42;-0.27;-1.05
35044;0.00;0.32;1.28;103.27;2.00;2.98;-0.87
35045;0.00;0.18;1.40;98.11;2.31;2.30;-0.26
35046;0.00;0.60;-0.60;93.99;1.62;0.09;-1.16
35047;0.00;0.17;0.45;95.28;4.32;1.18;-0.72
35048;0.00;0.45;-2.83;91.74;4.53;-0.88;-3.52
35049;0.00;0.35;-3.14;100.50;4.41;-2.43;-3.83
35050;0.00;0.26;-2.65;98.92;3.28;-2.27;-3.29
35051;0.00;0.20;-0.60;102.86;1.11;0.86;-2.19
35052;0.90;1.10;0.91;999.00;1.84;2.26;-0.86
35053;0.63;2.37;0.25;999.00;1.43;2.17;-3.76
35054;6.80;4.31;-2.53;999.00;1.73;-1.18;-3.86
35055;2.80;2.11;2.45;999.00;2.92;9.24;-1.94
35056;14.62;2.22;6.77;999.00;3.14;9.43;0.54
35057;6.02;2.98;-0.69;999.00;1.44;0.35;-1.66
35058;0.00;3.70;-0.12;999.00;2.18;1.12;-1.37
35059;0.00;3.16;-0.26;999.00;3.05;1.69;-2.04
35060;0.00;2.67;-4.13;999.00;1.43;-2.33;-6.06
35061;0.00;6.24;-5.71;999.00;1.43;-1.75;-9.21
35062;0.00;6.10;-6.71;999.00;1.43;-2.33;-10.17
35063;0.00;5.49;-7.57;999.00;2.89;-5.10;-9.98
35064;0.00;0.92;-7.08;92.14;5.02;-6.55;-7.42
35065;0.00;0.67;-6.61;99.00;4.28;-5.84;-7.39
35066;0.00;1.26;-5.63;94.92;3.26;-5.28;-6.00
35067;0.00;1.14;-3.97;96.05;0.98;-2.48;-5.66
35068;0.00;1.68;-4.02;102.64;3.01;-2.62;-5.97
35069;0.20;3.12;-6.37;93.91;4.10;-5.01;-7.85
35070;0.00;1.51;-6.01;92.86;5.34;-4.77;-7.22
35071;0.60;1.60;-0.39;92.39;4.18;3.55;-4.94
35072;0.00;1.79;3.25;100.23;4.27;4.05;2.39
35073;0.00;3.21;1.95;98.77;2.53;5.14;-0.15
35074;0.00;2.34;2.47;96.47;1.76;6.29;-0.54
35075;0.20;3.38;0.98;100.38;2.37;3.79;-1.52
35076;0.00;2.17;4.88;90.24;1.79;9.08;1.15
35077;0.00;3.49;3.76;94.24;2.64;7.88;1.48
35078;0.20;1.64;-0.44;104.40;2.39;1.06;-1.99
35079;0.00;1.57;-0.04;100.44;3.31;0.50;-0.84
35080;0.00;1.27;0.88;100.83;2.87;1.63;0.37
35081;0.00;1.24;0.01;104.69;2.42;0.87;-1.27
35082;0.00;0.99;-2.16;103.59;2.62;-1.04;-3.31
35083;0.00;0.61;-3.29;100.96;4.17;-1.64;-4.27
35084;0.00;2.13;-3.27;90.56;6.49;-1.32;-4.64
35085;0.00;1.51;-4.67;90.03;6.04;-3.52;-5.86
35086;0.00;3.11;-6.88;93.79;5.39;-5.99;-7.96
35087;0.00;1.83;-7.09;88.65;6.70;-5.46;-8.16
35088;0.00;3.40;-7.64;80.93;6.33;-5.73;-8.82
35089;0.00;4.47;-10.32;71.62;6.71;-7.07;-13.25
35090;0.00;1.74;-11.34;88.70;5.83;-9.85;-12.68
35091;0.00;3.27;-9.66;87.44;5.10;-8.53;-10.98
35092;0.00;4.70;-10.24;89.68;2.13;-5.24;-17.62
35093;0.00;3.37;-6.66;88.02;3.70;-4.59;-8.83
35094;0.00;5.50;-5.93;87.21;5.05;-2.75;-9.52
35095;0.00;5.01;-6.08;92.61;3.32;-3.36;-9.16
35096;0.00;5.55;-9.22;91.95;2.60;-5.42;-13.32
35097;0.00;3.32;-6.93;89.63;1.23;-2.33;-14.09
35098;0.00;1.25;-3.65;101.18;2.79;-2.89;-4.33
35099;0.00;3.13;-4.31;100.38;2.20;-2.69;-6.50
35100;0.40;3.76;-3.75;95.25;2.71;-1.89;-9.97
35101;0.00;5.25;-10.19;91.91;3.56;-7.68;-12.99
35102;0.00;6.22;-10.97;77.00;5.11;-9.00;-14.14
35103;0.00;5.34;-12.22;83.07;2.57;-9.65;-14.98
35104;0.00;4.85;-11.78;88.61;2.72;-7.23;-17.16
35105;0.00;3.31;-7.09;88.58;3.61;-1.99;-10.29
35106;0.60;5.01;1.37;94.25;3.45;3.77;-2.30
35107;2.39;2.48;3.22;91.39;4.66;4.92;1.88
35108;0.20;0.59;0.15;101.64;2.88;1.79;-0.94
35109;0.20;1.76;-0.33;95.78;3.63;0.19;-0.83
35110;0.00;5.07;-1.22;90.73;4.24;-0.17;-2.09
35111;3.78;0.67;2.89;98.10;7.73;5.30;-0.23
35112;8.36;3.26;3.09;91.10;8.55;4.22;2.01
35113;6.56;1.21;2.49;95.17;5.49;3.92;1.49
35114;1.19;3.38;2.20;98.42;2.99;4.13;1.07
35115;0.00;3.02;-2.05;99.58;4.07;0.75;-4.74
35116;0.00;5.51;-5.78;92.48;3.72;-4.56;-7.37
35117;0.00;7.29;-5.85;95.56;3.49;-3.40;-8.52
35118;1.19;8.28;-5.68;95.66;1.71;-2.30;-9.27
35119;0.40;9.71;-4.68;86.33;4.76;0.26;-11.46
35120;2.78;7.69;3.86;82.58;4.71;6.30;0.76
35121;0.00;9.82;6.86;72.64;4.32;11.55;4.76
35122;0.00;6.45;3.69;96.43;1.33;7.57;0.41
35123;0.00;2.28;0.94;103.45;2.43;1.93;0.14
35124;0.40;4.57;0.80;99.26;3.21;4.60;-1.21
35125;0.20;7.89;1.42;79.36;5.67;4.04;-0.77
35126;0.00;10.68;0.00;89.65;4.38;3.82;-2.14
35127;0.00;7.72;-0.86;85.05;1.32;0.97;-3.13
35128;0.00;10.09;-0.94;81.73;1.99;1.78;-3.47
35129;0.00;1.87;1.55;94.33;3.09;2.49;0.81
35130;1.00;2.39;1.81;99.83;3.67;4.31;-0.01
35131;2.59;3.98;1.78;91.75;4.41;4.24;0.39
35132;0.00;11.56;0.57;79.67;5.49;3.38;-1.69
35133;0.00;11.48;0.02;78.55;5.83;2.93;-2.73
35134;0.00;12.21;-0.51;73.00;4.93;3.17;-3.06
35135;0.00;7.65;-2.48;78.96;4.34;-1.48;-3.25
35136;0.00;7.29;-3.43;76.61;3.99;-1.35;-5.62
35137;0.00;5.80;-3.14;81.55;3.64;-1.92;-4.74
35138;0.00;4.50;-0.73;89.08;4.05;0.88;-2.99
35139;0.00;7.88;1.26;80.90;5.18;3.77;-0.24
35140;0.00;2.46;1.33;93.98;5.39;2.28;0.52
35141;0.00;2.60;1.52;93.79;3.54;2.99;0.58
35142;0.00;2.10;1.04;98.73;2.81;1.66;-0.06
35143;0.00;8.16;1.39;99.09;2.06;3.51;-0.95
35144;0.00;5.48;0.87;102.27;2.56;3.23;-0.75
35145;0.00;8.27;0.63;100.95;3.24;4.45;-1.70
35146;2.39;4.24;4.16;99.97;1.48;9.15;0.98
35147;1.99;6.26;5.29;101.80;1.68;10.08;-0.56
35148;0.80;2.61;7.43;99.71;3.36;8.57;4.95
35149;0.00;4.92;3.80;98.95;3.35;5.50;2.43
35150;0.00;2.69;1.84;98.87;3.34;2.87;0.16
35151;0.00;17.47;1.30;66.52;3.61;5.54;-2.36
35152;0.00;8.71;1.85;69.97;3.55;6.30;-2.04
35153;0.80;8.63;2.88;86.76;5.07;5.92;0.41
35154;0.00;10.76;1.07;84.88;4.90;3.95;-0.67
35155;0.00;14.29;0.25;90.24;4.17;3.42;-1.94
35156;1.39;10.12;-1.06;92.19;1.86;2.86;-6.09
35157;0.00;10.93;0.11;87.30;1.69;3.61;-3.57
35158;0.00;11.24;1.38;81.52;3.11;6.47;-2.74
35159;0.00;14.91;4.58;62.68;3.98;10.04;0.31
35160;0.00;4.32;2.63;84.43;2.81;6.00;-1.21
35161;0.00;5.61;5.61;94.21;2.80;7.93;3.68
35162;0.00;13.05;8.28;79.41;1.28;16.08;0.55
35163;0.00;13.77;8.28;83.55;3.45;12.61;5.47
35164;0.00;3.27;6.90;88.60;1.50;8.44;5.81
35165;0.00;14.24;8.94;77.61;1.61;14.20;2.39
35166;6.97;1.71;5.29;95.59;2.99;8.76;1.02
35167;0.00;11.55;0.32;75.55;3.06;2.67;-2.89
35168;0.00;8.46;3.76;81.01;3.36;7.69;0.15
35169;0.00;13.09;6.52;68.82;1.92;10.90;1.11
35170;0.00;21.15;6.68;65.53;1.32;14.15;-1.54
35171;0.00;20.86;9.88;58.51;1.80;17.04;1.39
35172;0.00;21.21;11.98;47.58;2.59;19.03;3.60
35173;0.40;17.28;12.21;67.21;2.38;18.32;5.60
35174;0.00;19.82;14.29;66.63;2.30;21.25;6.23
35175;0.00;18.63;17.25;55.59;2.07;24.78;9.49
35176;0.00;19.89;18.66;47.08;2.87;25.95;10.05
35177;0.00;20.57;19.15;50.78;2.40;26.68;11.45
35178;2.19;14.76;18.58;60.67;3.07;24.32;12.69
35179;10.35;14.38;12.93;84.73;2.98;16.07;10.10
35180;0.00;16.99;11.50;79.99;3.46;15.05;8.62
35181;0.00;11.12;10.79;84.78;3.62;14.53;4.87
35182;0.00;17.11;14.11;83.93;1.87;17.58;10.84
35183;0.00;11.77;12.09;83.05;2.73;15.02;8.62
35184;0.20;13.74;7.74;77.59;2.12;10.70;5.25
35185;0.00;17.59;9.62;77.21;2.06;13.56;6.34
35186;2.39;17.67;11.83;79.86;2.76;17.17;6.27
35187;1.19;7.45;11.41;93.78;2.36;15.22;8.07
35188;0.20;7.86;9.43;98.26;2.15;13.15;5.30
35189;0.00;11.52;7.98;82.65;4.73;10.63;6.20
35190;0.00;12.37;5.96;76.67;3.15;9.36;1.05
35191;0.00;18.85;7.13;68.02;1.60;12.39;-1.27
35192;0.00;16.06;9.44;70.78;2.90;12.94;3.20
35193;7.16;6.49;9.64;73.93;3.21;11.33;8.11
35194;1.99;6.70;6.09;86.90;3.92;8.78;3.80
35195;0.00;3.65;5.12;100.73;2.65;6.52;3.60
35196;0.00;5.62;7.35;98.39;1.31;9.44;5.41
35197;0.40;5.77;9.61;95.95;1.91;12.01;7.81
35198;0.00;3.36;9.84;99.78;3.87;11.85;8.17
35199;0.20;6.60;10.26;97.47;3.48;13.15;8.29
35200;0.00;7.72;8.33;89.60;3.74;9.81;6.70
35201;0.80;22.66;8.45;74.10;2.29;12.26;3.65
35202;2.39;15.12;14.30;83.72;2.88;19.91;8.82
35203;8.56;16.76;15.81;88.96;2.40;20.57;12.66
35204;1.99;15.34;15.74;88.85;2.68;20.59;12.09
35205;12.34;17.28;11.83;84.25;3.81;15.46;7.94
35206;0.00;14.04;10.67;86.75;2.03;16.09;5.10
35207;1.59;11.91;11.03;87.49;2.04;14.86;7.49
35208;1.00;7.69;11.87;93.09;3.42;14.87;9.63
35209;7.96;12.64;15.64;85.07;3.03;20.42;11.31
35210;2.19;7.73;13.72;95.49;3.55;16.12;11.08
35211;11.14;14.49;12.25;90.52;3.53;15.33;9.39
35212;0.00;10.23;12.29;95.59;4.72;14.57;7.69
35213;0.00;20.04;8.71;81.32;5.77;11.91;5.85
35214;0.00;17.71;13.69;81.98;3.20;19.79;6.27
35215;0.00;21.78;19.18;78.94;2.08;24.72;13.15
35216;7.36;25.98;20.82;76.46;3.28;27.65;14.76
35217;11.74;3.20;13.35;99.67;1.97;16.57;10.91
35218;1.00;3.76;10.31;103.15;2.23;12.15;7.94
35219;0.20;5.82;11.42;98.80;1.74;13.97;9.07
35220;0.00;25.47;14.42;87.21;2.36;20.90;7.11
35221;0.00;26.20;17.41;81.39;2.12;23.78;8.93
35222;0.00;27.23;21.35;75.42;1.45;29.09;11.83
35223;1.39;25.98;24.58;76.48;1.34;31.13;16.34
35224;0.40;20.79;23.62;79.22;2.46;29.41;18.19
35225;0.00;14.48;19.65;91.33;1.86;23.61;15.57
35226;0.00;24.95;19.44;81.43;1.21;25.57;13.80
35227;0.00;24.83;21.85;84.18;1.76;27.74;14.13
35228;0.00;16.35;18.63;82.63;3.58;21.64;11.66
35229;0.20;21.14;12.90;77.57;3.56;16.89;7.70
35230;0.00;21.62;11.93;78.55;4.09;16.21;7.23
35231;0.00;25.20;12.62;80.09;2.68;18.47;4.92
35232;0.00;18.63;13.09;85.43;2.44;16.98;9.50
35233;0.00;27.44;15.04;80.11;1.57;23.14;5.08
35234;1.19;19.98;14.67;76.48;3.04;18.19;9.98
35235;0.20;9.81;11.67;89.31;4.07;14.16;8.87
35236;0.20;15.30;11.55;83.30;3.22;14.53;8.84
35237;0.00;15.71;11.72;78.72;3.51;14.45;8.37
35238;0.00;12.88;11.55;87.68;2.62;14.88;7.61
35239;0.00;10.61;11.67;89.61;3.30;14.00;9.50
35240;0.00;8.95;11.06;91.44;2.51;13.48;8.42
35241;0.00;19.09;13.11;86.27;2.00;16.38;9.83
35242;0.00;20.62;13.49;84.55;1.05;19.26;4.90
35243;0.00;7.84;13.24;95.18;2.26;17.10;8.84
35244;0.20;21.96;13.94;79.75;1.34;20.66;4.42
35245;2.79;9.28;14.55;92.14;3.42;17.02;11.27
35246;1.19;8.09;12.81;95.13;3.69;15.19;11.01
35247;3.98;10.66;13.59;94.00;3.35;16.27;11.31
35248;9.75;16.96;12.17;94.03;4.00;16.14;8.77
35249;0.00;17.62;14.99;81.69;3.14;19.94;8.64
35250;9.95;13.48;17.79;82.39;4.03;21.12;13.68
35251;13.13;11.26;15.30;90.38;2.15;20.11;11.73
35252;2.39;9.40;13.36;97.20;1.89;16.30;11.63
35253;0.00;23.30;14.26;81.76;1.69;18.95;8.90
35254;1.99;10.04;12.45;92.67;2.94;16.13;9.29
35255;0.00;14.39;13.28;85.16;5.23;17.34;11.17
35256;0.00;20.13;14.56;84.35;3.17;18.86;11.19
35257;0.20;12.53;16.13;91.70;2.44;20.46;12.11
35258;2.99;16.07;17.50;92.66;1.98;22.00;13.87
35259;0.60;18.18;18.72;91.87;2.32;23.56;14.52
35260;0.00;21.22;18.76;91.60;3.22;21.92;15.05
35261;0.00;16.82;15.49;79.77;2.44;18.83;10.83
35262;0.00;19.19;12.73;85.26;3.06;17.56;8.12
35263;0.00;14.40;12.32;87.11;2.74;16.43;7.02
35264;0.00;8.93;12.63;88.86;3.27;15.91;10.21
35265;0.00;19.93;13.82;83.49;1.17;20.32;7.16
35266;0.00;27.45;14.88;71.90;1.82;20.65;6.51
35267;0.00;25.14;16.88;65.15;1.74;22.86;7.59
35268;0.00;26.18;18.34;63.52;1.62;25.79;7.59
35269;0.60;18.55;19.57;67.08;2.86;25.96;10.04
35270;9.55;8.38;16.62;95.06;3.39;18.51;14.54
35271;0.00;11.40;16.31;94.09;3.55;21.15;13.33
35272;0.60;19.05;16.06;85.42;2.29;21.60;12.82
35273;0.00;20.29;17.71;83.33;1.87;24.01;9.91
35274;0.00;15.82;17.21;85.48;1.70;21.29;14.82
35275;0.00;18.59;18.13;82.71;1.44;24.08;10.55
35276;16.12;9.03;17.18;96.08;1.77;21.27;14.31
35277;0.00;15.96;18.58;88.97;2.48;22.04;15.84
35278;0.20;19.34;19.77;80.78;2.47;24.38;15.99
35279;0.00;19.55;16.89;81.55;2.13;22.17;11.09
35280;0.00;16.15;15.02;81.90;1.71;19.48;10.17
35281;0.00;19.35;14.56;80.85;1.43;20.62;6.61
35282;0.00;22.36;16.52;72.10;2.59;22.58;6.96
35283;0.00;20.72;17.45;70.92;3.29;22.61;11.05
35284;0.00;7.65;17.24;81.59;1.48;19.42;12.88
35285;0.00;20.42;16.90;79.19;1.09;23.45;9.39
35286;0.00;19.82;19.58;75.29;1.63;27.25;10.72
35287;0.00;15.98;22.21;67.90;2.77;28.69;15.26
35288;4.98;9.09;19.05;87.38;1.97;22.92;14.89
35289;6.17;13.42;18.29;93.90;2.53;23.66;14.62
35290;13.53;4.78;15.98;101.04;2.09;17.84;14.87
35291;3.98;7.97;16.31;98.84;1.75;19.55;14.34
35292;0.80;9.11;16.95;96.47;2.50;20.29;13.36
35293;0.00;11.66;17.23;93.20;3.42;21.78;14.76
35294;0.00;13.65;16.67;91.92;1.67;21.67;12.62
35295;0.20;19.68;18.79;82.67;1.67;25.63;10.94
35296;0.00;20.27;20.53;73.66;2.30;28.12;11.11
35297;0.00;20.19;21.53;64.01;2.36;29.27;11.74
35298;0.00;17.41;20.96;66.38;1.75;29.66;13.06
35299;0.00;10.35;19.36;87.67;1.23;24.80;14.52
35300;0.20;16.37;21.42;83.27;1.85;27.19;16.95
35301;0.40;11.95;19.40;79.39;2.16;23.36;15.15
35302;0.00;15.24;17.61;75.58;2.32;22.87;11.72
35303;2.59;14.51;16.58;83.88;1.80;21.11;12.22
35304;0.00;16.73;16.54;85.07;1.79;22.74;10.03
35305;27.47;3.06;15.22;99.66;1.75;17.17;12.71
35306;1.39;12.62;15.30;79.97;6.02;19.43;12.50
35307;5.97;4.34;14.64;92.15;5.05;16.04;13.63
35308;3.38;7.42;14.03;96.60;3.12;16.72;9.89
35309;0.00;15.67;12.46;86.46;2.28;17.16;7.13
35310;0.20;15.20;12.36;84.77;1.13;17.68;5.97
35311;0.00;17.20;13.42;84.07;1.31;20.76;5.51
35312;0.00;9.15;12.51;97.07;1.66;17.38;7.38
35313;0.00;14.50;12.72;83.87;1.96;18.12;7.54
35314;3.78;11.10;9.64;91.62;2.46;16.73;5.12
35315;0.20;14.28;10.28;82.11;2.49;16.00;3.75
35316;0.00;12.88;12.45;82.42;2.27;16.94;8.03
35317;0.00;12.21;11.39;85.86;2.31;18.53;4.28
35318;0.40;7.30;12.34;93.83;3.78;15.06;9.28
35319;0.00;8.64;12.48;83.94;3.53;15.61;9.34
35320;9.75;7.61;11.22;94.81;4.90;15.43;8.19
35321;1.00;6.22;10.13;94.93;3.40;13.30;7.95
35322;0.00;7.01;12.33;93.46;2.57;14.92;10.61
35323;0.00;10.39;10.88;91.70;2.11;15.04;5.79
35324;0.20;13.33;9.68;87.65;1.77;16.12;3.32
35325;0.00;9.29;8.92;90.30;1.89;13.89;1.07
35326;0.00;5.05;10.84;85.11;3.80;13.61;8.92
35327;0.00;8.98;10.73;82.59;4.66;16.80;7.16
35328;0.00;11.49;9.54;83.70;4.52;14.70;6.15
35329;6.77;3.65;7.51;95.43;3.17;8.99;5.91
35330;7.36;3.56;9.73;92.96;3.58;12.13;7.29
35331;0.00;5.01;9.53;93.23;2.72;11.74;7.18
35332;0.00;6.29;10.10;93.62;1.11;13.05;7.94
35333;0.00;9.72;9.74;94.80;1.56;14.24;5.18
35334;0.00;8.93;11.45;93.50;1.91;17.95;6.24
35335;5.77;3.40;12.32;94.97;3.21;15.72;9.53
35336;0.20;9.04;12.79;92.46;3.56;15.69;10.74
35337;4.18;1.94;13.17;95.25;5.16;15.91;11.64
35338;5.97;3.72;16.01;96.85;4.77;17.54;13.82
35339;21.69;1.97;10.90;103.48;2.16;13.68;9.57
35340;12.74;8.43;10.26;96.72;2.58;13.96;6.94
35341;0.40;11.04;9.99;91.91;3.00;15.19;5.16
35342;2.39;2.58;10.75;93.27;3.43;12.51;7.10
35343;1.79;6.98;8.98;95.02;2.13;13.47;5.72
35344;0.20;9.53;7.83;99.58;1.70;13.53;3.25
35345;0.40;9.68;7.80;97.23;1.25;14.90;2.36
35346;0.00;3.70;9.47;99.98;0.80;12.93;5.87
35347;1.39;5.47;10.89;99.32;1.30;14.95;5.54
35348;3.18;4.14;10.94;99.25;1.28;12.95;9.48
35349;0.00;7.62;9.46;95.91;1.73;14.11;5.05
35350;0.00;5.60;10.34;96.14;2.19;14.63;6.77
35351;0.20;9.11;11.94;90.68;2.00;18.77;7.57
35352;0.00;9.02;9.97;94.89;1.84;15.80;5.51
35353;0.20;7.72;10.97;93.38;1.48;18.45;5.16
35354;26.07;0.93;11.18;102.65;3.12;13.43;10.02
35355;0.00;4.57;10.36;95.94;2.12;12.29;8.85
35356;0.00;5.17;10.14;93.15;2.12;13.48;8.26
35357;0.00;3.61;10.20;91.16;3.49;13.73;8.23
35358;7.56;2.48;9.39;100.24;2.51;11.07;7.34
35359;7.96;1.19;11.50;100.70;3.93;14.37;9.81
35360;0.00;7.90;9.76;95.29;3.49;12.92;6.03
35361;0.00;8.00;7.69;99.73;2.04;11.67;4.70
35362;0.00;8.87;6.98;96.20;3.42;10.81;3.99
35363;0.00;7.59;6.91;85.83;3.20;11.86;2.62
35364;0.20;4.94;10.73;92.25;3.21;14.74;8.26
35365;6.17;3.01;8.71;97.92;3.88;11.45;5.22
35366;2.39;2.52;13.77;91.34;6.55;14.80;11.62
35367;3.78;2.20;11.57;83.88;8.10;13.82;9.43
35368;0.20;3.16;8.40;85.01;7.82;10.04;7.43
35369;0.00;2.03;8.77;87.76;5.33;10.03;7.96
35370;2.19;1.88;10.72;96.29;5.20;13.75;7.89
35371;0.80;0.73;11.91;95.51;7.15;13.31;8.99
35372;1.99;0.86;13.69;97.59;7.44;14.72;13.11
35373;0.20;4.96;13.09;90.33;6.24;15.04;11.82
35374;1.79;3.46;11.54;84.35;7.05;13.95;8.42
35375;1.39;2.03;9.82;84.80;8.20;11.92;7.90
35376;13.73;1.47;9.30;90.18;6.56;11.28;6.10
35377;0.20;6.11;6.48;91.35;4.01;9.16;4.47
35378;1.00;2.31;6.11;93.03;5.02;9.49;2.03
35379;0.60;1.42;6.20;97.97;2.95;7.38;4.93
35380;3.58;1.64;8.16;95.74;2.95;9.42;6.54
35381;3.38;1.25;9.15;97.35;2.05;10.99;7.35
35382;1.79;2.25;6.99;96.77;3.15;9.58;4.41
35383;0.00;1.52;2.19;100.28;1.72;3.58;1.19
35384;0.00;2.35;2.33;99.47;1.90;3.77;0.67
35385;0.20;0.69;3.60;100.49;1.15;3.99;3.31
35386;0.20;0.55;4.19;102.08;1.41;4.73;3.81
35387;3.98;0.82;2.86;94.26;2.10;4.16;1.69
35388;17.11;3.52;1.66;99.93;3.75;3.53;0.00
35389;0.40;4.62;5.97;87.16;5.19;8.95;3.33
35390;1.59;2.18;3.94;94.06;7.38;5.26;2.64
35391;0.60;4.20;3.55;88.04;6.31;5.63;2.21
35392;0.20;3.38;2.31;80.10;4.46;3.84;1.17
35393;0.60;2.16;1.11;98.11;3.28;1.95;0.21
35394;1.99;0.78;1.35;93.18;4.70;2.33;0.27
35395;14.33;0.46;1.32;104.20;1.86;3.09;0.03
35396;0.20;0.43;-0.82;105.17;1.60;0.02;-2.19
35397;1.59;1.41;-0.72;102.36;2.31;0.74;-2.33
35398;7.56;1.28;0.80;97.95;4.94;2.17;-0.34
35399;3.38;1.23;2.78;99.28;5.13;3.72;1.49
35400;0.20;2.29;2.53;95.74;4.82;3.66;0.55
35401;7.76;2.15;5.27;96.05;6.03;6.31;3.43
35402;1.19;2.51;5.34;91.60;5.88;6.06;3.81
35403;0.40;1.88;7.37;89.51;4.90;8.98;5.80
35404;0.00;2.18;6.56;91.59;1.03;9.23;4.96
35405;0.00;1.07;3.99;102.84;1.25;5.72;2.02
35406;0.00;1.30;1.26;103.44;1.93;2.76;-0.65
35407;0.00;1.21;-0.10;100.14;3.33;0.63;-0.64
35408;0.00;0.40;-0.54;98.81;3.71;-0.16;-0.92
35409;0.00;0.59;-0.87;99.84;2.61;-0.38;-1.58
35410;0.00;0.41;-0.54;101.69;2.35;0.31;-1.19
35411;0.00;0.36;-0.06;99.28;2.45;0.52;-0.50
35412;0.20;0.81;0.33;103.57;1.62;1.09;-0.36
35413;0.00;3.17;-0.45;94.98;2.63;0.70;-1.72
35414;1.39;0.55;3.52;93.31;7.42;6.13;-0.10
35415;0.80;2.00;2.73;100.78;2.13;4.72;1.46
35416;0.00;0.47;2.73;99.70;2.64;3.29;2.13
35417;0.00;1.72;-0.42;93.09;4.00;2.88;-5.19
35418;0.00;3.39;-7.40;93.89;2.97;-5.55;-9.55
35419;0.00;3.25;-9.56;90.99;1.29;-6.07;-12.53
35420;0.00;2.65;-6.73;90.53;3.47;-3.91;-9.77
35421;0.00;3.15;-8.32;96.58;1.65;-4.03;-12.20
35422;0.00;1.67;-7.26;97.75;1.16;-3.41;-11.90
35423;0.00;3.73;-8.87;99.97;0.99;-6.23;-11.18
35424;0.00;1.97;-8.25;90.12;2.83;-6.48;-11.95
35425;0.00;3.49;-12.19;85.93;2.51;-8.91;-15.61
35426;0.00;1.36;-9.30;88.77;3.09;-5.51;-16.61
35427;0.00;1.88;-6.45;100.23;2.87;-4.08;-11.86
35428;0.00;1.72;-15.30;93.48;2.38;-12.37;-17.96
35429;0.00;2.01;-17.94;94.11;1.07;-15.88;-20.27
35430;0.00;2.37;-17.52;93.61;1.30;-14.55;-21.11
35431;0.00;1.50;-10.41;92.83;3.47;-6.05;-15.13
35432;0.00;1.44;-6.58;93.36;4.15;-5.19;-7.86
35433;0.00;2.66;-8.38;97.30;2.34;-5.63;-9.73
35434;0.00;2.35;-8.33;100.13;1.93;-5.58;-10.31
35435;0.00;2.59;-5.90;98.27;3.47;-5.01;-7.45
35436;0.00;2.73;-8.33;95.16;2.86;-7.23;-10.21
35437;0.00;1.10;-5.91;99.41;2.98;-3.92;-8.28
35438;0.00;1.74;-4.38;97.40;1.55;-3.62;-4.88
35439;0.00;2.35;-4.08;97.75;0.94;-2.92;-5.10
35440;0.00;3.54;-5.37;92.60;4.13;-0.84;-11.06
35441;1.39;3.32;1.13;92.86;4.15;2.56;-0.52
35442;0.00;4.11;0.66;81.89;2.94;3.77;-1.59
35443;0.00;4.17;-0.14;81.43;3.33;1.86;-3.87
35444;0.00;4.36;-2.49;86.29;2.37;2.97;-6.47
35445;0.00;4.48;0.95;75.15;3.54;5.67;-3.43
35446;0.00;1.36;2.47;93.09;3.71;3.28;1.56
35447;2.19;1.27;2.04;102.03;1.85;2.90;1.27
35448;1.79;0.38;1.40;105.36;1.80;2.36;0.68
35449;0.00;0.81;1.26;99.91;2.14;1.99;0.87
35450;0.00;2.73;2.91;92.43;4.37;5.15;-0.01
35451;0.00;4.31;5.14;97.42;4.22;8.56;3.17
35452;1.99;0.68;3.06;105.13;1.52;3.75;2.55
35453;1.59;0.47;1.74;105.61;1.78;2.65;0.27
35454;0.00;3.92;-0.56;93.23;3.24;0.92;-2.00
35455;0.00;3.02;-1.64;98.93;1.33;0.49;-4.14
35456;0.20;1.30;0.63;101.24;3.16;2.37;-1.13
35457;0.00;1.26;1.48;102.77;2.69;2.11;0.90
35458;0.60;1.16;2.01;99.16;2.55;3.07;0.96
35459;0.20;2.34;2.27;94.79;3.82;4.15;0.54
35460;0.00;5.99;-0.49;89.90;0.85;2.29;-2.68
35461;0.00;6.13;-0.65;80.67;1.89;3.29;-3.60
35462;0.20;1.12;0.40;98.67;2.35;1.10;-1.14
35463;0.20;1.81;2.70;87.95;6.19;4.74;0.78
35464;7.76;1.45;2.05;101.22;3.30;5.45;0.14
35465;0.20;5.42;3.09;94.58;4.81;6.18;0.48
35466;0.40;3.87;5.01;82.29;5.02;7.75;2.14
35467;0.00;6.48;4.49;90.60;2.88;7.59;1.70
35468;0.00;5.43;6.33;92.38;4.26;10.14;1.70
35469;1.59;3.70;8.81;83.13;5.60;10.41;6.66
35470;0.20;5.45;5.83;76.64;8.35;8.87;3.57
35471;11.74;0.83;7.51;95.16;5.12;11.25;3.34
35472;2.59;2.74;7.49;90.62;7.03;10.47;3.85
35473;0.00;4.51;3.94;86.37;6.64;5.32;1.09
35474;0.40;3.62;2.93;92.34;3.66;5.10;0.86
35475;1.00;4.08;2.05;97.19;2.49;3.46;0.30
35476;0.00;5.33;2.90;89.37;3.58;6.34;0.05
35477;8.16;2.23;6.58;90.64;6.41;9.79;3.81
35478;0.00;6.36;4.82;80.43;6.74;6.51;3.07
35479;2.19;8.18;6.91;76.12;9.13;9.12;4.18
35480;4.58;2.15;8.55;88.45;8.49;10.33;7.46
35481;0.00;4.43;8.55;92.93;4.70;10.54;6.03
35482;0.00;6.09;8.78;87.94;3.31;11.53;5.38
35483;2.99;3.21;10.31;86.08;6.86;12.93;7.18
35484;8.96;4.40;11.44;81.95;10.28;13.35;8.86
35485;21.49;5.14;7.45;90.11;7.22;9.71;5.35
35486;4.38;5.85;4.83;91.50;3.70;6.67;1.40
35487;0.00;9.87;8.38;73.77;5.70;13.10;4.11
35488;0.40;10.36;9.79;80.81;3.88;12.67;6.81
35489;1.19;9.44;12.31;79.46;6.42;17.18;7.42
35490;0.00;10.47;6.95;79.40;3.92;9.89;4.56
35491;0.00;11.58;6.81;82.58;1.60;12.31;1.67
35492;0.00;9.87;9.48;93.43;2.57;14.87;5.02
35493;0.00;2.93;7.74;94.48;2.52;10.80;2.60
35494;0.20;11.78;5.60;91.37;1.70;13.10;-1.21
35495;0.00;9.53;8.66;88.70;2.46;14.10;3.93
35496;0.00;6.64;9.51;90.97;1.83;12.46;7.47
35497;0.00;12.55;9.48;82.06;2.01;17.47;2.28
35498;0.00;2.45;4.81;99.62;2.38;7.58;3.27
35499;0.00;7.39;5.62;99.65;2.54;11.11;2.56
35500;0.00;3.40;8.91;93.46;3.95;12.05;6.62
35501;0.00;4.02;9.00;91.13;4.88;10.18;8.23
35502;0.80;3.26;9.56;95.65;5.16;11.08;8.71
35503;7.36;2.86;3.67;98.88;2.48;8.51;2.26
35504;8.76;1.83;2.41;100.60;1.54;3.17;1.53
35505;1.59;7.51;3.52;94.50;3.08;7.18;-0.57
35506;6.77;3.67;5.43;96.50;4.84;8.55;0.79
35507;0.00;9.43;1.19;83.88;2.63;3.51;-0.75
35508;10.15;4.86;3.33;97.06;3.62;5.61;0.98
35509;0.00;9.14;2.50;89.14;2.81;6.26;-0.39
35510;4.98;4.10;1.71;98.35;2.87;3.73;0.18
35511;0.20;4.72;3.14;97.87;2.86;5.08;1.42
35512;0.80;2.71;4.22;97.03;2.40;5.77;2.52
35513;0.60;11.19;8.04;86.00;4.72;12.38;3.02
35514;0.00;14.04;10.65;75.34;6.44;12.87;8.75
35515;11.94;10.16;7.27;87.15;10.35;12.13;3.41
35516;3.58;10.72;5.40;88.13;7.39;7.59;4.01
35517;0.20;8.56;6.99;90.57;3.66;10.80;3.98
35518;0.00;17.45;8.01;87.59;3.32;12.84;3.32
35519;0.00;11.15;7.22;82.66;2.41;11.25;2.75
35520;0.00;16.66;8.10;76.46;2.40;12.88;3.60
35521;0.00;21.42;9.37;78.65;2.65;15.27;2.28
35522;0.20;15.73;8.52;84.61;1.55;13.66;2.34
35523;1.79;6.50;7.08;91.89;4.62;12.87;3.55
35524;1.19;11.58;4.00;87.05;7.20;7.86;1.47
35525;8.96;2.14;4.57;98.78;6.10;10.00;0.49
35526;1.19;15.08;4.51;76.89;6.55;9.18;1.46
35527;0.00;20.54;3.03;73.94;1.45;8.10;-2.13
35528;0.00;19.47;5.68;62.84;1.64;12.34;-0.22
35529;0.00;17.61;8.57;68.11;1.84;15.63;1.97
35530;0.00;14.04;7.81;79.66;3.25;12.05;3.72
35531;2.99;9.34;6.85;79.81;7.71;9.79;3.50
35532;0.00;17.86;5.44;82.31;5.13;9.01;2.23
35533;0.20;14.56;4.71;77.67;2.71;9.26;-1.69
35534;2.39;3.90;7.36;94.49;5.61;9.19;4.71
35535;0.20;20.75;5.28;67.19;5.93;8.37;2.76
35536;0.00;20.15;4.94;67.78;3.08;9.88;-0.73
35537;0.00;16.68;6.31;71.36;2.12;12.82;0.64
35538;0.40;15.16;6.37;85.90;4.60;12.79;1.11
35539;0.60;19.10;5.07;81.06;2.53;8.40;1.66
35540;0.60;16.89;3.47;76.55;2.04;6.86;-0.93
35541;0.00;19.15;3.82;72.97;2.03;9.46;-2.17
35542;0.00;12.19;5.29;79.92;3.13;8.25;2.46
35543;0.00;21.25;4.96;74.30;1.91;10.83;-1.15
35544;0.00;18.98;8.73;65.86;4.98;14.64;1.62
35545;0.40;5.97;9.68;82.01;3.59;11.34;7.52
35546;0.20;9.46;9.48;85.87;3.19;12.95;6.46
35547;1.79;5.95;10.37;96.66;2.28;13.73;8.20
35548;3.98;7.96;12.08;95.61;4.63;14.95;9.89
35549;10.15;3.64;10.43;99.01;4.88;12.14;8.70
35550;0.60;9.93;10.20;90.98;4.80;13.26;7.42
35551;0.00;12.63;9.41;94.56;2.60;14.26;6.21
35552;0.00;22.24;13.46;85.07;2.68;20.41;7.05
35553;0.00;21.87;13.14;86.45;2.40;17.59;8.90
35554;0.60;16.09;14.47;88.32;2.94;19.74;9.49
35555;11.34;6.79;14.25;96.08;3.17;16.00;12.00
35556;6.57;7.54;11.17;93.95;4.96;16.10;3.91
35557;0.40;19.67;6.57;77.56;3.41;10.84;3.26
35558;0.00;13.22;7.89;81.65;2.64;12.79;4.35
35559;1.19;15.67;8.33;82.99;3.85;12.80;4.06
35560;0.60;17.62;10.71;84.04;3.89;15.44;6.08
35561;0.60;12.73;14.25;81.33;3.16;19.95;10.33
35562;0.00;17.88;14.31;80.18;2.28;17.69;11.20
35563;0.00;25.99;14.73;73.08;1.83;20.80;6.73
35564;0.80;18.80;16.57;87.44;2.22;22.93;9.91
35565;0.00;24.41;14.54;88.08;2.60;18.77;8.94
35566;0.00;17.81;17.57;91.15;3.18;24.45;13.10
35567;6.17;20.42;20.31;86.19;2.14;26.62;14.59
35568;26.47;20.34;18.77;93.72;1.84;25.03;14.45
35569;25.87;23.13;18.17;90.62;2.52;21.78;15.12
35570;1.99;13.19;16.43;94.83;2.05;19.43;13.44
35571;1.99;11.66;13.37;94.86;2.77;16.57;10.76
35572;4.78;4.09;10.62;101.72;2.01;11.84;9.35
35573;2.99;14.58;9.80;93.27;2.46;12.72;7.60
35574;0.20;21.76;9.46;82.04;1.86;13.52;5.38
35575;0.00;25.85;10.21;72.49;1.25;15.31;2.93
35576;0.20;18.00;9.91;87.41;2.04;14.06;4.51
35577;1.19;10.43;10.20;91.53;4.92;11.84;8.70
35578;0.20;16.54;11.16;84.52;3.26;15.88;7.07
35579;0.00;19.04;10.35;90.23;3.57;14.20;6.93
35580;0.00;28.28;12.17;71.65;3.05;16.77;7.80
35581;0.00;26.23;10.81;67.15;2.08;15.61;3.26
35582;0.00;21.23;12.20;75.90;3.11;17.73;6.19
35583;0.00;28.82;14.87;62.84;2.69;19.68;8.29
35584;0.00;26.68;14.38;70.97;1.39;20.48;7.32
35585;0.00;24.87;16.31;72.94;1.28;22.75;8.07
35586;0.00;27.91;18.21;68.99;2.41;23.60;9.41
35587;0.60;28.15;19.05;68.47;3.38;24.33;11.88
35588;0.00;27.53;19.78;66.42;2.99;25.53;12.19
35589;0.40;15.16;18.32;81.99;2.00;23.87;12.72
35590;2.19;26.98;17.68;83.39;2.58;21.53;13.85
35591;0.00;27.48;17.21;79.88;1.35;22.99;9.34
35592;0.00;26.31;20.26;67.60;2.84;26.39;13.08
35593;0.20;21.36;20.08;83.18;1.79;23.94;15.11
35594;8.36;20.16;18.71;87.51;1.72;23.29;14.26
35595;30.85;13.50;16.60;96.64;2.26;20.89;14.52
35596;0.60;14.57;14.38;92.69;3.36;16.46;11.68
35597;0.00;21.65;12.45;83.96;1.81;16.22;7.02
35598;0.00;27.33;12.19;82.12;2.03;17.82;5.62
35599;0.00;19.05;11.27;85.50;1.98;16.15;5.29
35600;0.00;27.58;13.67;76.50;1.75;18.99;6.25
35601;0.80;15.25;14.22;89.54;2.07;17.47;11.32
35602;1.59;11.47;15.49;89.76;3.57;18.51;12.95
35603;2.39;16.60;14.78;87.44;2.82;18.18;12.20
35604;5.97;14.55;13.09;96.15;3.70;16.23;10.95
35605;2.99;12.69;12.86;92.14;4.19;15.58;10.79
35606;0.00;21.76;12.83;79.92;1.85;17.53;9.58
35607;2.39;10.58;14.02;91.67;2.20;16.69;10.81
35608;9.55;13.76;16.01;93.18;2.16;21.43;13.00
35609;0.20;25.83;17.22;84.50;2.12;23.76;9.88
35610;18.91;22.52;19.59;90.29;2.28;28.09;10.67
35611;2.59;12.68;16.83;92.82;3.15;19.40;14.35
35612;5.77;12.78;15.30;93.30;1.76;19.31;12.09
35613;2.99;23.56;17.37;85.12;1.90;23.92;11.37
35614;2.79;14.90;17.80;91.97;1.18;21.19;15.09
35615;3.38;18.73;17.25;86.63;1.60;21.22;13.28
35616;0.00;20.40;16.42;84.15;1.94;21.28;11.26
35617;0.20;13.73;14.40;88.78;2.76;18.58;10.66
35618;0.00;19.27;17.01;90.08;3.33;21.30;12.93
35619;0.00;20.97;17.43;88.00;3.67;21.31;14.65
35620;0.00;20.23;16.45;88.22;2.55;20.24;13.21
35621;0.00;26.67;18.20;79.50;1.62;23.62;11.10
35622;0.00;27.60;19.43;73.22;1.15;25.53;10.29
35623;0.00;25.71;18.93;79.22;1.09;25.61;11.08
35624;0.00;19.77;19.95;74.39;1.30;26.37;11.67
35625;3.78;14.61;17.76;89.51;1.67;23.35;13.67
35626;0.00;20.98;18.45;88.67;2.31;23.16;14.46
35627;4.78;7.91;16.24;99.58;1.28;19.67;13.19
35628;0.00;9.90;16.82;96.34;1.15;20.17;13.95
35629;14.53;9.44;16.41;99.88;2.11;20.43;14.58
35630;4.78;11.25;16.19;97.47;2.93;19.77;13.92
35631;6.17;10.62;15.70;97.44;2.70;20.24;11.73
35632;25.67;6.56;16.61;101.90;2.69;21.20;14.50
35633;0.00;19.65;19.09;92.07;1.00;25.70;13.33
35634;13.54;13.63;18.70;94.99;1.29;23.16;15.59
35635;0.00;19.01;18.78;85.01;1.28;23.88;13.77
35636;9.75;6.91;17.05;98.52;1.94;18.51;15.77
35637;13.13;6.45;16.37;98.63;2.89;20.46;14.70
35638;0.00;15.07;18.70;84.65;3.95;22.72;15.22
35639;0.80;19.65;17.25;83.50;2.66;22.87;11.95
35640;0.20;17.03;17.58;86.99;2.01;22.27;12.58
35641;0.00;20.50;19.29;79.78;1.87;26.22;10.97
35642;6.17;11.09;16.27;94.78;2.72;20.13;12.59
35643;4.58;10.18;15.17;95.19;2.28;19.77;11.02
35644;1.00;11.65;17.71;93.39;1.56;21.99;14.27
35645;1.79;14.01;19.63;88.29;1.15;24.82;14.44
35646;0.40;15.00;19.76;90.04;1.81;24.63;16.21
35647;0.00;22.53;19.85;76.29;1.84;26.15;13.10
35648;0.00;20.82;20.18;77.85;1.94;25.93;12.28
35649;0.00;20.67;20.69;77.49;2.08;26.61;14.52
35650;0.00;20.03;20.89;78.83;1.81;27.11;12.71
35651;0.00;19.88;21.75;76.29;1.16;28.90;13.28
35652;0.00;21.52;22.64;69.80;2.25;29.48;15.10
35653;0.00;21.71;22.72;63.38;2.77;29.94;12.88
35654;0.00;21.27;22.41;65.62;1.96;30.05;13.66
35655;0.00;21.30;22.90;67.98;1.31;31.47;13.86
35656;0.00;19.84;22.52;72.29;3.30;28.21;17.35
35657;11.14;9.15;19.86;91.17;2.72;24.10;17.01
35658;0.20;15.31;18.76;90.24;0.97;24.73;13.30
35659;0.00;18.60;21.07;78.28;1.46;27.97;14.49
35660;0.00;21.19;20.39;67.78;1.80;26.42;13.05
35661;5.97;6.50;17.66;95.70;1.36;21.06;15.68
35662;0.20;14.83;20.82;82.46;1.95;27.25;14.34
35663;0.00;17.63;21.53;76.74;1.31;29.88;13.92
35664;0.00;8.12;20.68;86.75;2.03;25.41;15.97
35665;0.20;7.56;21.20;93.78;1.67;24.57;18.68
35666;0.00;17.35;24.77;79.45;1.94;31.09;19.05
35667;0.00;17.53;24.96;73.93;2.07;31.97;17.88
35668;12.94;5.77;20.35;95.82;1.80;23.27;18.07
35669;0.00;12.90;21.79;88.86;1.70;26.58;18.80
35670;5.37;6.46;19.44;92.53;2.58;26.02;15.28
35671;3.58;10.22;16.49;86.40;3.40;19.45;14.37
35672;0.20;18.26;16.98;78.06;2.29;22.83;11.66
35673;0.00;14.61;19.72;79.38;2.21;24.19;16.78
35674;0.60;18.69;22.03;77.76;2.12;29.06;14.56
35675;0.40;3.60;17.39;98.90;2.27;18.72;16.06
35676;0.00;10.70;17.50;90.80;1.15;21.30;13.07
35677;0.00;9.57;18.97;87.87;1.41;23.15;14.45
35678;1.59;9.35;18.71;88.68;1.59;23.45;13.71
35679;5.97;11.53;16.29;88.86;3.12;19.52;12.87
35680;0.80;5.36;14.33;92.63;4.33;17.03;12.00
35681;0.00;10.59;16.43;86.59;5.73;19.79;12.98
35682;0.40;11.12;14.87;80.80;6.57;18.89;10.44
35683;0.00;9.27;12.71;77.44;5.37;16.43;9.60
35684;0.00;12.34;14.26;78.79;2.46;18.92;8.78
35685;0.00;6.84;16.79;77.50;3.91;20.22;13.57
35686;1.39;10.02;13.60;80.85;5.01;16.47;7.85
35687;0.00;12.82;12.08;75.34;5.03;16.44;8.08
35688;0.00;13.32;12.87;76.59;3.22;19.18;6.88
35689;0.00;15.79;16.24;61.53;2.71;24.05;10.10
35690;0.00;11.28;16.45;69.98;3.33;21.63;11.46
35691;0.00;11.79;15.14;89.00;1.22;21.28;10.61
35692;0.00;11.33;12.68;76.95;2.31;16.11;5.73
35693;0.00;10.37;8.81;83.96;1.29;14.56;2.27
35694;0.00;14.53;8.28;84.82;0.93;15.49;1.49
35695;0.00;14.17;10.06;81.21;0.97;19.23;2.07
35696;0.00;11.29;10.85;87.66;2.31;17.24;3.77
35697;0.00;9.85;13.34;87.69;1.44;17.97;7.75
35698;0.00;13.43;12.25;82.41;0.97;20.83;4.96
35699;0.00;13.00;12.52;87.04;1.58;20.28;6.26
35700;0.00;5.52;11.28;91.79;1.20;14.37;4.90
35701;0.00;11.64;9.53;89.72;1.26;18.52;2.52
35702;0.00;9.76;12.86;86.18;2.39;20.70;5.82
35703;2.59;6.00;13.97;94.35;2.47;17.22;11.79
35704;0.20;4.58;13.61;96.55;3.31;17.08;10.36
35705;1.00;7.76;12.09;82.85;7.44;14.94;8.69
35706;0.00;6.72;10.82;81.09;4.14;14.14;7.28
35707;0.00;5.10;13.92;84.10;5.90;16.04;11.27
35708;0.00;3.27;14.26;89.92;4.71;15.95;13.30
35709;0.00;10.76;14.68;88.11;1.76;20.17;9.14
35710;3.18;7.46;17.80;82.83;4.33;21.72;13.79
35711;1.00;5.58;15.15;87.18;4.81;17.70;12.37
35712;1.39;4.45;17.89;87.76;7.67;19.86;16.60
35713;15.72;5.92;14.36;88.67;6.90;16.42;10.14
35714;2.99;5.08;10.89;91.66;6.17;12.92;9.20
35715;1.00;6.02;8.59;96.09;3.30;12.35;4.52
35716;4.98;4.30;7.83;95.26;4.78;10.11;6.04
35717;0.20;9.06;7.49;94.54;3.43;11.18;4.84
35718;5.57;2.85;7.06;99.85;2.41;9.24;4.93
35719;0.20;7.85;3.56;95.31;0.88;8.80;-1.16
35720;0.00;2.82;7.90;94.62;2.49;11.95;2.81
35721;0.00;8.79;12.48;85.29;3.68;17.64;8.81
35722;0.00;8.59;13.08;92.35;2.44;19.00;10.04
35723;0.20;3.87;8.49;90.76;2.06;10.57;3.96
35724;0.20;8.30;2.60;87.02;1.31;7.81;-1.22
35725;0.00;6.80;2.61;87.66;1.95;8.66;-1.64
35726;0.20;2.97;6.32;91.59;3.48;9.30;2.81
35727;0.20;4.89;5.22;88.70;3.62;7.14;1.88
35728;1.39;2.16;5.81;92.39;5.07;8.58;2.42
35729;0.20;2.12;4.28;95.91;2.07;6.85;1.66
35730;0.00;5.24;0.27;85.81;1.15;5.18;-3.62
35731;0.00;5.12;-1.29;89.33;1.00;4.78;-5.53
35732;0.00;3.12;0.34;83.58;1.72;6.20;-3.87
35733;0.00;4.81;2.19;85.08;1.44;9.10;-2.92
35734;0.00;1.52;1.45;103.11;2.61;3.60;-1.55
35735;0.00;0.77;2.68;96.29;1.71;3.07;1.68
35736;0.00;1.00;3.29;100.38;2.95;5.82;0.09
35737;0.00;2.14;4.58;87.35;2.67;7.26;-0.08
35738;0.00;3.78;0.88;79.06;4.40;4.49;-1.65
35739;1.59;1.19;5.98;95.60;3.71;9.18;-0.17
35740;3.78;1.37;9.46;96.11;2.26;11.57;8.08
35741;5.17;2.96;11.70;87.59;4.81;14.08;9.19
35742;0.00;3.06;9.56;87.70;3.24;13.61;7.12
35743;1.79;3.33;9.13;92.27;4.67;11.35;7.48
35744;1.59;4.10;9.14;88.17;4.44;11.13;7.85
35745;0.00;3.98;8.88;86.55;3.33;10.70;7.24
35746;2.39;1.22;6.22;97.61;1.56;7.93;5.38
35747;13.13;3.65;5.83;100.84;3.31;8.45;2.22
35748;0.20;3.87;2.38;102.85;2.43;5.18;-0.15
35749;7.16;0.33;6.16;101.55;2.89;7.76;3.14
35750;0.60;1.28;5.72;101.72;2.72;7.94;1.89
35751;0.20;3.61;3.33;97.92;2.45;5.97;0.17
35752;0.00;1.32;3.77;90.66;4.35;5.44;0.01
35753;0.00;4.19;-0.78;88.15;5.20;1.09;-2.33
35754;0.00;3.79;-0.70;90.18;3.33;1.55;-3.06
35755;0.00;2.68;1.35;96.82;2.47;3.35;-0.16
35756;0.00;0.83;1.22;101.63;2.51;1.97;0.76
35757;0.20;0.49;1.30;105.54;1.93;1.76;0.83
35758;0.00;0.63;2.04;101.83;2.61;2.94;1.24
35759;0.00;1.14;1.67;98.70;3.79;2.72;0.64
35760;0.00;0.77;2.31;100.33;4.16;2.90;1.98
35761;0.00;1.54;1.39;99.78;4.44;2.28;0.83
35762;1.39;1.10;2.24;101.67;3.20;4.77;-0.34
35763;2.19;1.17;7.17;100.80;2.59;8.47;4.43
35764;0.00;2.35;7.79;97.52;2.55;9.81;6.12
35765;3.78;2.96;2.67;99.35;2.53;7.07;-1.55
35766;0.00;1.07;-2.04;104.64;1.97;-0.50;-4.53
35767;0.00;1.02;-0.30;101.23;3.00;0.16;-0.67
35768;3.38;0.67;-0.07;101.32;2.19;0.97;-2.96
35769;0.20;1.45;-0.88;97.38;3.92;1.43;-5.04
35770;3.58;1.60;1.82;94.72;6.21;3.84;0.24
35771;1.99;1.22;4.40;97.45;4.51;5.73;2.16
35772;0.00;1.46;4.21;91.40;4.91;5.61;2.73
35773;0.00;1.63;6.38;95.08;4.18;8.06;5.18
35774;5.37;0.64;9.54;95.63;7.30;12.18;7.21
35775;3.58;0.51;10.70;93.70;5.24;12.13;9.49
35776;1.19;0.57;7.89;99.85;4.19;9.82;5.94
35777;2.79;1.58;5.46;97.44;4.37;6.37;4.55
35778;4.38;1.02;4.14;98.20;4.66;6.92;2.28
35779;0.40;0.38;0.09;89.85;4.64;2.36;-2.26
35780;0.00;1.92;-6.46;83.96;6.90;-2.42;-9.43
35781;0.00;2.76;-8.57;81.67;7.26;-6.09;-10.72
35782;0.00;1.12;-3.03;90.39;4.40;-0.22;-6.72
35783;1.00;1.73;-0.17;98.31;3.00;3.42;-3.01
35784;0.20;0.89;0.52;102.48;1.72;3.17;-1.48
35785;20.10;0.26;0.09;104.53;1.07;0.47;-0.30
35786;3.38;1.27;0.18;105.56;0.67;0.70;-0.10
35787;0.20;0.50;1.04;102.60;1.65;1.50;0.59
35788;3.78;0.37;4.78;102.23;4.44;9.07;1.66
35789;3.58;1.39;10.29;87.07;6.71;12.08;8.83
35790;3.18;1.12;8.75;84.89;9.30;10.70;6.69
35791;3.98;1.15;5.84;96.82;4.82;6.96;4.57
35792;0.00;1.09;5.29;97.58;3.42;6.23;4.28
35793;6.57;0.54;4.26;96.91;4.72;5.37;3.13
35794;0.00;1.98;4.08;94.38;3.36;5.55;2.97
35795;0.20;2.55;7.00;90.39;4.77;10.01;3.62
